timestamp, battery, temperature, ultrasonic, infrared
1570396560, 3129, 21, 331, 116
1570396561, 3129, 21, 332, 116
1570396562, 3129, 21, 331, 116
1570396563, 3129, 20, 331, 115
1570396564, 3129, 20, 330, 116
1570396565, 3129, 21, 330, 116
1570396566, 3129, 21, 330, 116
1570396567, 3129, 21, 330, 114
1570397323, 3129, 21, 329, 20
1570397324, 3129, 21, 330, 20
1570397325, 3129, 21, 332, 20
1570397326, 3129, 21, 330, 20
1570397327, 3129, 21, 330, 20
1570397328, 3129, 21, 330, 20
1570397329, 3129, 21, 330, 20
1570397330, 3129, 20, 330, 20
1570397331, 3129, 21, 329, 20
1570397332, 3129, 21, 329, 20
1570397333, 3129, 21, 330, 20
1570397334, 3129, 21, 330, 20
1570397335, 3129, 21, 330, 20
1570397336, 3129, 21, 330, 20
1570397337, 3129, 21, 330, 20
1570397338, 3129, 20, 329, 20
1570397339, 3129, 20, 329, 20
1570397340, 3129, 21, 330, 20
1570397341, 3129, 21, 329, 20
1570397342, 3129, 21, 330, 20
1570397343, 3129, 21, 332, 20
1570397344, 3129, 21, 330, 20
1570397345, 3129, 21, 330, 20
1570397346, 3129, 21, 330, 20
1570397347, 3129, 21, 330, 20
1570397348, 3129, 21, 330, 20
1570397349, 3129, 21, 330, 20
1570397350, 3129, 21, 330, 20
1570397351, 3129, 21, 330, 20
1570397352, 3129, 21, 330, 20
1570397353, 3129, 21, 331, 20
1570397354, 3129, 21, 330, 20
1570397355, 3129, 21, 330, 20
1570397356, 3129, 21, 330, 20
1570397357, 3129, 21, 330, 20
1570397358, 3129, 21, 330, 20
1570397359, 3129, 21, 330, 20
1570397360, 3129, 21, 330, 20
1570397361, 3129, 21, 330, 20
1570397362, 3129, 21, 330, 20
1570397363, 3129, 21, 329, 20
1570397364, 3129, 21, 330, 20
1570397365, 3129, 21, 330, 20
1570397367, 3129, 21, 330, 20
1570397368, 3129, 21, 330, 20
1570397369, 3129, 21, 331, 20
1570397370, 3129, 21, 330, 20
1570397371, 3129, 21, 329, 20
1570397372, 3129, 21, 329, 20
1570397373, 3129, 21, 330, 20
1570397374, 3129, 21, 330, 20
1570397375, 3129, 21, 330, 20
1570397376, 3129, 21, 330, 20
1570397377, 3129, 21, 330, 20
1570397378, 3129, 21, 330, 20
1570397379, 3129, 21, 329, 20
1570397380, 3129, 21, 329, 20
1570397381, 3129, 21, 331, 20
1570397382, 3129, 21, 329, 20
1570397383, 3129, 21, 331, 20
1570397384, 3129, 21, 330, 20
1570397385, 3129, 21, 330, 20
1570397386, 3129, 21, 330, 20
1570397387, 3129, 21, 330, 20
1570397388, 3129, 21, 329, 20
1570397389, 3129, 21, 331, 20
1570397390, 3129, 21, 330, 20
1570398284, 3129, 21, 330, 116
1570398285, 3129, 21, 330, 114
1570398286, 3129, 21, 330, 116
1570398287, 3129, 21, 330, 113
1570398288, 3129, 21, 330, 116
1570398289, 3129, 21, 329, 116
1570398290, 3129, 21, 331, 116
1570398291, 3129, 21, 330, 116
1570398292, 3129, 21, 330, 116
1570398293, 3129, 21, 330, 116
1570398294, 3129, 21, 330, 116
1570398295, 3129, 21, 331, 116
1570398296, 3129, 21, 330, 116
1570398297, 3129, 21, 330, 115
1570398298, 3129, 21, 330, 116
1570398299, 3129, 21, 330, 116
1570398300, 3129, 21, 329, 116
1570398301, 3129, 21, 330, 116
1570398302, 3129, 21, 330, 114
1570398303, 3129, 21, 330, 116
1570398304, 3129, 21, 330, 116
1570398305, 3129, 21, 330, 116
1570398306, 3129, 21, 330, 116
1570398307, 3129, 21, 329, 116
1570398308, 3129, 21, 330, 116
1570398309, 3129, 21, 332, 116
1570398310, 3129, 21, 330, 116
1570398311, 3129, 21, 330, 116
1570398312, 3129, 21, 332, 114
1570398313, 3129, 21, 329, 116
1570398314, 3129, 21, 330, 116
1570398315, 3129, 21, 329, 116
1570398316, 3129, 21, 329, 116
1570398317, 3129, 21, 332, 113
1570398318, 3129, 21, 330, 113
1570398319, 3129, 21, 330, 116
1570398320, 3129, 21, 330, 116
1570398321, 3129, 21, 329, 116
1570398322, 3129, 21, 330, 116
1570398323, 3129, 21, 330, 116
1570398324, 3129, 21, 330, 116
1570398325, 3129, 21, 330, 116
1570398326, 3129, 21, 330, 116
1570398327, 3129, 21, 331, 116
1570398328, 3129, 21, 330, 116
1570398329, 3129, 21, 330, 116
1570398330, 3129, 21, 330, 116
1570398331, 3129, 21, 329, 116
1570398332, 3129, 21, 330, 116
1570398333, 3129, 21, 330, 116
1570398596, 3129, 21, 329, 116
1570398597, 3129, 21, 330, 116
1570398598, 3129, 21, 330, 116
1570398599, 3129, 21, 330, 116
1570398600, 3129, 21, 330, 116
1570398601, 3129, 21, 330, 116
1570398602, 3129, 21, 330, 116
1570398603, 3129, 20, 330, 116
1570398604, 3129, 20, 329, 116
1570398605, 3129, 21, 330, 116
1570398606, 3129, 21, 330, 116
1570398607, 3129, 21, 330, 116
1570398608, 3129, 21, 330, 116
1570398609, 3129, 21, 329, 116
1570398610, 3129, 21, 330, 116
1570398611, 3129, 21, 330, 116
1570398612, 3129, 21, 330, 116
1570398613, 3129, 21, 330, 116
1570398614, 3129, 21, 330, 116
1570398615, 3129, 21, 331, 115
1570398616, 3129, 21, 329, 114
1570398617, 3129, 21, 330, 116
1570398618, 3129, 21, 330, 116
1570398619, 3129, 21, 330, 116
1570398620, 3129, 21, 330, 116
1570398621, 3129, 21, 330, 116
1570398622, 3129, 21, 330, 116
1570398623, 3129, 21, 330, 116
1570398624, 3129, 21, 330, 116
1570398625, 3129, 21, 330, 116
1570398626, 3129, 20, 329, 116
1570398627, 3129, 20, 330, 116
1570398628, 3129, 20, 330, 116
1570398629, 3129, 20, 329, 116
1570398630, 3129, 20, 330, 116
1570398631, 3129, 20, 330, 116
1570398632, 3129, 20, 330, 116
1570398633, 3129, 20, 330, 115
1570398634, 3129, 21, 330, 116
1570398635, 3129, 20, 330, 116
1570398636, 3129, 20, 329, 116
1570398637, 3129, 20, 331, 116
1570398638, 3129, 21, 329, 116
1570398639, 3129, 21, 330, 116
1570398640, 3129, 20, 330, 116
1570398641, 3129, 20, 330, 116
1570398642, 3129, 21, 330, 115
1570398643, 3129, 20, 332, 116
1570398644, 3129, 20, 329, 116
1570398646, 3129, 21, 330, 116
1570398647, 3129, 21, 330, 116
1570398648, 3129, 21, 331, 116
1570398649, 3129, 21, 330, 116
1570398650, 3129, 21, 330, 116
1570398651, 3129, 21, 330, 116
1570398652, 3129, 21, 330, 116
1570398653, 3129, 21, 330, 116
1570398654, 3129, 21, 330, 116
1570398655, 3129, 21, 330, 116
1570398656, 3129, 21, 330, 116
1570398657, 3129, 21, 330, 116
1570398658, 3129, 21, 331, 115
1570398659, 3129, 21, 329, 114
1570398660, 3129, 21, 332, 113
1570398661, 3129, 21, 329, 116
1570398662, 3129, 21, 330, 116
1570398663, 3129, 21, 330, 116
1570398664, 3129, 21, 330, 116
1570398665, 3129, 21, 330, 113
1570398666, 3129, 21, 330, 116
1570398667, 3129, 21, 329, 116
1570398668, 3129, 21, 330, 116
1570398669, 3129, 21, 330, 116
1570398670, 3129, 21, 329, 116
1570398671, 3129, 21, 330, 116
1570398672, 3129, 21, 330, 116
1570398673, 3129, 21, 334, 116
1570398674, 3129, 21, 330, 116
1570398675, 3129, 21, 330, 116
1570398676, 3129, 21, 329, 116
1570398677, 3129, 21, 329, 116
1570398678, 3129, 21, 331, 116
1570398679, 3129, 21, 330, 116
1570398680, 3129, 21, 56, 116
1570398681, 3129, 21, 330, 150
1570398682, 3129, 21, 330, 150
1570398683, 3129, 21, 330, 114
1570398684, 3129, 20, 330, 115
1570398685, 3129, 21, 56, 116
1570398686, 3129, 21, 56, 116
1570398687, 3129, 21, 56, 116
1570398688, 3129, 21, 330, 116
1570398689, 3129, 21, 331, 116
1570398690, 3129, 21, 330, 115
1570398691, 3129, 21, 330, 116
1570398692, 3129, 20, 331, 116
1570398693, 3129, 20, 330, 116
1570398694, 3129, 21, 329, 116
1570398695, 3129, 21, 330, 116
1570398696, 3129, 21, 56, 113
1570398697, 3129, 21, 56, 116
1570398698, 3129, 21, 56, 115
1570398699, 3129, 21, 56, 115
1570398700, 3129, 21, 56, 116
1570398701, 3129, 21, 56, 116
1570398702, 3129, 21, 56, 116
1570398703, 3129, 21, 56, 116
1570398704, 3129, 21, 56, 116
1570398705, 3129, 21, 56, 116
1570398706, 3129, 21, 56, 116
1570398707, 3129, 21, 56, 116
1570398708, 3129, 21, 56, 116
1570398709, 3129, 20, 56, 116
1570398710, 3129, 21, 56, 116
1570398711, 3129, 21, 56, 116
1570398712, 3129, 20, 56, 116
1570398713, 3129, 20, 56, 116
1570398714, 3129, 20, 331, 116
1570398715, 3129, 20, 330, 150
1570398716, 3129, 20, 329, 20
1570398717, 3129, 20, 330, 20
1570398718, 3129, 21, 329, 26
1570398719, 3129, 21, 330, 20
1570398720, 3129, 21, 331, 20
1570398721, 3129, 21, 330, 20
1570398722, 3129, 21, 330, 20
1570398723, 3129, 21, 330, 20
1570398724, 3129, 21, 330, 20
1570398725, 3129, 21, 330, 20
1570398726, 3129, 21, 330, 20
1570398727, 3129, 21, 331, 20
1570398728, 3129, 21, 329, 20
1570398729, 3129, 21, 56, 28
1570398730, 3129, 21, 56, 20
1570398731, 3129, 21, 330, 20
1570398732, 3129, 21, 333, 20
1570398733, 3129, 21, 329, 20
1570398734, 3129, 21, 330, 20
1570398735, 3129, 21, 330, 20
1570398736, 3129, 21, 334, 116
1570398737, 3129, 21, 331, 116
1570398738, 3129, 21, 332, 116
1570398739, 3129, 21, 330, 116
1570398740, 3129, 21, 330, 115
1570398741, 3129, 21, 330, 115
1570398742, 3129, 21, 329, 116
1570398743, 3129, 21, 330, 116
1570398744, 3129, 21, 330, 114
1570398745, 3129, 21, 331, 116
1570398746, 3129, 21, 331, 116
1570398747, 3129, 21, 330, 115
1570398748, 3129, 21, 330, 116
1570398749, 3129, 21, 330, 116
1570398750, 3129, 21, 329, 116
1570398751, 3129, 21, 330, 116
1570398752, 3129, 21, 330, 116
1570398753, 3129, 21, 329, 113
1570398754, 3129, 21, 331, 116
1570398755, 3129, 21, 330, 116
1570398756, 3129, 21, 330, 116
1570398757, 3129, 21, 330, 114
1570398758, 3129, 20, 330, 116
1570398759, 3129, 21, 329, 116
1570398760, 3129, 21, 332, 116
1570398761, 3129, 21, 330, 116
1570398762, 3129, 21, 330, 116
1570398763, 3129, 21, 330, 116
1570398764, 3129, 21, 330, 116
1570398765, 3129, 21, 330, 116
1570398766, 3129, 20, 330, 114
1570398767, 3129, 21, 329, 116
1570398768, 3129, 21, 56, 150
1570398769, 3129, 21, 56, 68
1570398770, 3129, 28, 56, 150
1570398771, 3129, 30, 56, 150
1570398772, 3129, 26, 56, 150
1570398773, 3129, 24, 56, 150
1570398774, 3129, 22, 56, 150
1570398775, 3129, 22, 56, 150
1570398776, 3129, 22, 56, 150
1570398777, 3129, 21, 330, 42
1570398778, 3129, 21, 330, 115
1570398779, 3129, 21, 330, 112
1570398780, 3129, 21, 330, 115
1570398781, 3129, 21, 331, 114
1570398782, 3129, 21, 330, 115
1570398783, 3129, 21, 330, 114
1570398784, 3129, 21, 329, 116
1570398785, 3129, 21, 330, 116
1570398786, 3129, 21, 330, 112
1570398787, 3129, 21, 330, 112
1570398788, 3129, 21, 331, 114
1570398789, 3129, 21, 330, 114
1570398790, 3129, 21, 330, 115
1570398791, 3129, 21, 56, 114
1570398792, 3129, 21, 56, 115
1570398793, 3129, 21, 56, 116
1570398794, 3129, 21, 56, 116
1570398795, 3129, 21, 56, 115
1570398796, 3129, 21, 56, 114
1570398797, 3129, 21, 56, 114
1570398798, 3129, 21, 56, 114
1570398799, 3129, 21, 56, 114
1570398800, 3129, 21, 56, 112
1570398801, 3129, 21, 56, 115
1570398802, 3129, 21, 56, 116
1570398803, 3129, 21, 56, 23
1570398804, 3129, 21, 56, 114
1570398805, 3129, 21, 329, 115
1570398806, 3129, 21, 330, 114
1570398807, 3129, 21, 330, 114
1570398808, 3129, 21, 331, 114
1570398809, 3129, 21, 330, 114
1570398810, 3129, 21, 330, 114
1570398811, 3129, 21, 330, 116
1570398812, 3129, 21, 330, 116
1570398813, 3129, 21, 330, 114
1570398814, 3129, 21, 330, 115
1570398815, 3129, 21, 331, 114
1570398816, 3129, 21, 330, 115
1570398817, 3129, 21, 330, 114
1570398849, 3129, 21, 331, 116
1570398850, 3129, 21, 330, 115
1570398851, 3129, 21, 330, 114
1570398852, 3129, 21, 329, 114
1570398853, 3129, 21, 330, 114
1570398854, 3129, 21, 330, 115
1570398855, 3129, 21, 330, 114
1570398856, 3129, 21, 330, 115
1570398857, 3129, 21, 329, 115
1570398858, 3129, 21, 330, 116
1570398859, 3129, 21, 330, 115
1570398860, 3129, 21, 332, 114
1570398861, 3129, 21, 330, 115
1570398862, 3129, 21, 330, 114
1570398863, 3129, 21, 330, 115
1570398864, 3129, 21, 330, 112
1570398865, 3129, 21, 330, 115
1570398866, 3129, 21, 329, 115
1570398867, 3129, 21, 331, 116
1570398868, 3129, 21, 331, 115
1570398869, 3129, 21, 330, 114
1570398870, 3129, 21, 331, 115
1570398871, 3129, 21, 330, 114
1570398872, 3129, 21, 330, 115
1570398873, 3129, 21, 331, 114
1570398874, 3129, 21, 330, 114
1570398875, 3129, 21, 330, 150
1570398876, 3129, 21, 330, 150
1570398877, 3129, 21, 331, 150
1570398878, 3129, 21, 330, 150
1570398879, 3129, 21, 331, 150
1570398880, 3129, 21, 330, 150
1570398881, 3129, 21, 330, 150
1570398882, 3129, 21, 329, 23
1570398883, 3129, 21, 330, 20
1570398884, 3129, 21, 329, 45
1570398885, 3129, 21, 329, 63
1570398886, 3129, 21, 329, 61
1570398887, 3129, 21, 330, 60
1570398888, 3129, 21, 331, 35
1570398889, 3129, 21, 329, 114
1570398890, 3129, 21, 331, 114
1570398891, 3129, 21, 330, 114
1570398892, 3129, 21, 330, 114
1570398893, 3129, 21, 329, 115
1570398894, 3129, 21, 330, 116
1570398895, 3129, 21, 330, 116
1570398896, 3129, 21, 330, 114
1570398897, 3129, 21, 330, 114
1570398898, 3129, 21, 331, 115
1570398899, 3129, 21, 330, 114
1570398900, 3129, 21, 329, 115
1570398901, 3129, 21, 330, 114
1570398902, 3129, 21, 331, 114
1570398903, 3129, 21, 331, 116
1570398904, 3129, 21, 330, 116
1570398905, 3129, 21, 330, 115
1570398906, 3129, 21, 330, 114
1570398907, 3129, 21, 331, 114
1570398908, 3129, 21, 329, 115
1570398909, 3129, 21, 331, 114
1570398910, 3129, 21, 330, 115
1570398911, 3129, 21, 330, 114
1570398912, 3129, 21, 330, 116
1570398913, 3129, 21, 330, 116
1570398914, 3129, 21, 330, 114
1570398915, 3129, 21, 330, 115
1570398916, 3129, 21, 330, 114
1570398917, 3129, 21, 330, 114
1570398918, 3129, 21, 330, 115
1570398919, 3129, 21, 329, 114
1570398920, 3129, 21, 330, 112
1570398921, 3129, 21, 329, 116
1570398922, 3129, 21, 330, 116
1570398923, 3129, 21, 330, 114
1570398924, 3129, 21, 330, 115
1570398925, 3129, 21, 332, 113
1570398926, 3129, 21, 330, 112
1570398927, 3129, 21, 329, 114
1570398928, 3129, 21, 330, 114
1570398929, 3129, 21, 330, 114
1570398930, 3129, 21, 329, 115
1570398931, 3129, 21, 330, 116
1570398932, 3129, 21, 331, 114
1570398933, 3129, 21, 330, 115
1570398934, 3129, 21, 331, 114
1570398935, 3129, 21, 330, 115
1570398936, 3129, 21, 330, 114
1570398937, 3129, 21, 332, 115
1570398938, 3129, 21, 330, 113
1570398939, 3129, 21, 330, 116
1570398940, 3129, 21, 330, 116
1570398941, 3129, 21, 331, 114
1570398942, 3129, 21, 330, 114
1570398943, 3129, 21, 330, 114
1570398944, 3129, 21, 330, 114
1570398945, 3129, 21, 330, 114
1570398946, 3129, 21, 330, 113
1570398947, 3129, 21, 330, 114
1570398948, 3129, 21, 330, 116
1570398949, 3129, 21, 332, 116
1570398950, 3129, 21, 330, 115
1570398951, 3129, 21, 329, 114
1570398952, 3129, 21, 330, 115
1570398953, 3129, 21, 331, 114
1570398954, 3129, 21, 330, 115
1570398955, 3129, 21, 330, 114
1570398956, 3129, 21, 330, 115
1570398957, 3129, 21, 330, 116
1570398958, 3129, 21, 330, 116
1570398959, 3129, 21, 330, 114
1570398960, 3129, 21, 330, 115
1570398961, 3129, 21, 330, 114
1570398962, 3129, 21, 330, 114
1570398963, 3129, 21, 331, 114
1570398964, 3129, 21, 330, 114
1570398965, 3129, 21, 330, 115
1570398966, 3129, 21, 329, 116
1570398967, 3129, 21, 330, 116
1570398968, 3129, 21, 330, 114
1570398969, 3129, 21, 330, 115
1570398970, 3129, 21, 330, 112
1570398971, 3129, 21, 330, 115
1570398972, 3129, 21, 330, 114
1570398973, 3129, 21, 330, 115
1570398974, 3129, 20, 330, 112
1570398975, 3129, 21, 329, 116
1570398976, 3129, 21, 330, 116
1570398977, 3129, 21, 330, 114
1570398978, 3129, 21, 331, 114
1570398979, 3129, 21, 330, 114
1570398980, 3129, 21, 331, 114
1570398981, 3129, 21, 331, 114
1570398982, 3129, 21, 330, 115
1570398983, 3129, 21, 331, 114
1570398984, 3129, 21, 330, 116
1570398985, 3129, 21, 331, 116
1570398986, 3129, 21, 331, 115
1570398987, 3129, 21, 330, 114
1570398988, 3129, 21, 331, 115
1570398989, 3129, 21, 330, 114
1570398990, 3129, 21, 331, 115
1570398991, 3129, 21, 330, 114
1570398992, 3129, 21, 331, 114
1570398993, 3129, 21, 330, 116
1570398994, 3129, 21, 330, 116
1570398995, 3129, 21, 331, 115
1570398996, 3129, 21, 331, 114
1570398997, 3129, 21, 331, 115
1570398998, 3129, 21, 330, 114
1570398999, 3129, 21, 330, 114
1570399000, 3129, 21, 330, 114
1570399001, 3129, 21, 330, 114
1570399002, 3129, 21, 330, 116
1570399003, 3129, 21, 330, 116
1570399004, 3129, 21, 330, 115
1570399005, 3129, 21, 330, 114
1570399006, 3129, 21, 330, 114
1570399007, 3129, 21, 329, 112
1570399008, 3129, 21, 332, 114
1570399009, 3129, 21, 330, 115
1570399010, 3129, 21, 331, 114
1570399011, 3129, 21, 330, 116
1570399012, 3129, 21, 331, 116
1570399013, 3129, 21, 330, 115
1570399014, 3129, 21, 330, 113
1570399015, 3129, 21, 330, 115
1570399016, 3129, 21, 331, 114
1570399017, 3129, 21, 331, 114
1570399018, 3129, 21, 332, 114
1570399019, 3129, 21, 330, 114
1570399020, 3129, 21, 329, 116
1570399021, 3129, 21, 332, 116
1570399022, 3129, 21, 330, 115
1570399023, 3129, 21, 330, 114
1570399024, 3129, 21, 331, 115
1570399025, 3129, 21, 331, 114
1570399026, 3129, 21, 330, 114
1570399027, 3129, 21, 330, 114
1570399028, 3129, 21, 330, 114
1570399029, 3129, 21, 329, 116
1570399030, 3129, 21, 331, 116
1570399031, 3129, 21, 330, 115
1570399032, 3129, 21, 331, 114
1570399033, 3129, 21, 331, 114
1570399034, 3129, 21, 330, 114
1570399035, 3129, 21, 330, 114
1570399036, 3129, 21, 331, 114
1570399037, 3129, 21, 330, 115
1570399038, 3129, 21, 330, 116
1570399039, 3129, 21, 330, 116
1570399040, 3129, 21, 330, 114
1570399041, 3129, 21, 330, 115
1570399042, 3129, 21, 331, 115
1570399043, 3129, 21, 332, 115
1570399044, 3129, 21, 331, 114
1570399045, 3129, 21, 330, 115
1570399046, 3129, 21, 330, 114
1570399047, 3129, 21, 329, 116
1570399048, 3129, 21, 330, 115
1570399049, 3129, 21, 330, 114
1570399050, 3129, 21, 330, 115
1570399051, 3129, 21, 330, 114
1570399052, 3129, 21, 332, 115
1570399053, 3129, 21, 330, 114
1570399054, 3129, 21, 330, 114
1570399055, 3129, 21, 329, 115
1570399056, 3129, 21, 330, 116
1570399057, 3129, 21, 330, 115
1570399058, 3129, 21, 330, 115
1570399059, 3129, 21, 331, 115
1570399060, 3129, 21, 330, 115
1570399061, 3129, 21, 329, 114
1570399062, 3129, 21, 330, 115
1570399063, 3129, 21, 330, 114
1570399064, 3129, 21, 329, 116
1570399065, 3129, 21, 330, 116
1570399066, 3129, 21, 330, 115
1570399067, 3129, 21, 330, 115
1570399068, 3129, 21, 330, 115
1570399069, 3129, 21, 330, 115
1570399070, 3129, 21, 330, 113
1570399071, 3129, 21, 330, 115
1570399072, 3129, 21, 330, 112
1570399073, 3129, 21, 329, 116
1570399074, 3129, 21, 331, 116
1570399075, 3129, 21, 330, 115
1570399076, 3129, 21, 330, 115
1570399077, 3129, 21, 331, 115
1570399078, 3129, 21, 331, 114
1570399099, 3129, 21, 329, 116
1570399100, 3129, 21, 330, 116
1570399101, 3129, 21, 331, 115
1570399102, 3129, 21, 331, 115
1570399103, 3129, 21, 330, 115
1570399104, 3129, 21, 331, 115
1570399105, 3129, 21, 330, 115
1570399106, 3129, 21, 330, 115
1570399107, 3129, 21, 330, 115
1570399108, 3129, 21, 330, 116
1570399109, 3129, 21, 331, 115
1570399110, 3129, 21, 331, 115
1570399111, 3129, 21, 330, 115
1570399112, 3129, 21, 330, 115
1570399113, 3129, 21, 330, 115
1570399114, 3129, 21, 332, 114
1570399115, 3129, 21, 330, 114
1570399116, 3129, 21, 330, 116
1570399117, 3129, 21, 329, 116
1570399118, 3129, 21, 330, 115
1570399119, 3129, 21, 330, 115
1570399120, 3129, 21, 331, 115
1570399121, 3129, 21, 330, 115
1570399122, 3129, 21, 331, 115
1570399123, 3129, 21, 332, 115
1570399124, 3129, 21, 330, 115
1570399125, 3129, 21, 330, 116
1570399126, 3129, 21, 330, 116
1570399127, 3129, 21, 330, 115
1570399128, 3129, 21, 330, 115
1570399129, 3129, 21, 331, 115
1570399130, 3129, 21, 330, 115
1570399131, 3129, 21, 330, 115
1570399132, 3129, 21, 331, 115
1570399133, 3129, 21, 329, 115
1570399134, 3129, 21, 329, 116
1570399135, 3129, 21, 331, 115
1570399136, 3129, 21, 331, 114
1570399137, 3129, 21, 330, 115
1570399138, 3129, 21, 330, 112
1570399139, 3129, 21, 330, 115
1570399140, 3129, 21, 330, 115
1570399141, 3129, 21, 330, 115
1570399142, 3129, 21, 329, 116
1570399143, 3129, 21, 330, 116
1570399144, 3129, 21, 329, 115
1570399145, 3129, 21, 330, 115
1570399146, 3129, 21, 331, 115
1570399147, 3129, 21, 330, 115
1570399148, 3129, 21, 331, 115
1570399149, 3129, 21, 330, 115
1570399150, 3129, 21, 330, 115
1570399151, 3129, 21, 332, 116
1570399152, 3129, 21, 331, 116
1570399153, 3129, 21, 330, 115
1570399154, 3129, 21, 331, 115
1570399155, 3129, 21, 330, 115
1570399156, 3129, 21, 332, 115
1570399157, 3129, 21, 330, 115
1570399158, 3129, 21, 330, 115
1570399159, 3129, 21, 329, 116
1570399160, 3129, 21, 329, 116
1570399161, 3129, 21, 330, 115
1570399162, 3129, 21, 330, 115
1570399163, 3129, 21, 331, 115
1570399164, 3129, 21, 330, 115
1570399165, 3129, 21, 330, 115
1570399166, 3129, 21, 330, 115
1570399167, 3129, 21, 329, 115
1570399168, 3129, 21, 330, 116
1570399169, 3129, 21, 330, 116
1570399170, 3129, 21, 330, 115
1570399171, 3129, 21, 330, 115
1570399172, 3129, 21, 331, 113
1570399173, 3129, 21, 330, 115
1570399174, 3129, 21, 330, 115
1570399175, 3129, 21, 330, 115
1570399176, 3129, 21, 330, 114
1570399177, 3129, 21, 330, 150
1570399178, 3129, 21, 330, 20
1570399179, 3129, 21, 331, 20
1570399180, 3129, 21, 330, 20
1570399181, 3129, 21, 330, 20
1570399182, 3129, 21, 56, 150
1570399183, 3129, 21, 56, 150
1570399184, 3129, 21, 56, 113
1570399185, 3129, 21, 56, 116
1570399186, 3129, 21, 325, 150
1570399187, 3129, 21, 330, 115
1570399188, 3129, 21, 331, 115
1570399189, 3129, 21, 331, 114
1570399190, 3129, 21, 330, 113
1570399191, 3129, 21, 330, 114
1570399192, 3129, 21, 331, 115
1570399193, 3129, 21, 330, 115
1570399194, 3129, 21, 330, 116
1570399195, 3129, 21, 331, 116
1570399196, 3129, 21, 330, 115
1570399197, 3129, 21, 60, 115
1570399198, 3129, 21, 330, 115
1570399199, 3129, 21, 330, 115
1570399200, 3129, 21, 330, 115
1570399201, 3129, 21, 330, 115
1570399202, 3129, 21, 330, 115
1570399203, 3129, 21, 329, 116
1570399204, 3129, 21, 331, 113
1570399205, 3129, 21, 330, 115
1570399206, 3129, 21, 330, 113
1570399207, 3129, 21, 331, 115
1570399208, 3129, 21, 330, 115
1570399209, 3129, 21, 330, 115
1570399210, 3129, 21, 330, 115
1570399211, 3129, 21, 330, 116
1570399212, 3129, 21, 331, 116
1570399213, 3129, 21, 330, 115
1570399214, 3129, 21, 329, 115
1570399215, 3129, 21, 330, 113
1570399216, 3129, 21, 330, 115
1570399217, 3129, 21, 329, 115
1570399218, 3129, 21, 330, 115
1570399219, 3129, 21, 330, 115
1570399220, 3129, 21, 330, 116
1570399221, 3129, 21, 330, 116
1570399222, 3129, 21, 330, 114
1570399223, 3129, 21, 332, 115
1570399224, 3129, 21, 330, 115
1570399225, 3129, 21, 330, 115
1570399226, 3129, 21, 330, 115
1570399227, 3129, 21, 331, 115
1570399228, 3129, 21, 329, 116
1570399229, 3129, 21, 330, 116
1570399230, 3129, 21, 330, 115
1570399231, 3129, 21, 331, 115
1570399232, 3129, 21, 330, 115
1570399233, 3129, 21, 330, 114
1570399234, 3129, 21, 331, 115
1570399235, 3129, 21, 331, 114
1570399236, 3129, 21, 330, 113
1570399237, 3129, 21, 330, 116
1570399238, 3129, 21, 329, 116
1570399239, 3129, 21, 330, 115
1570399240, 3129, 21, 331, 114
1570399241, 3129, 21, 330, 115
1570399242, 3129, 21, 330, 115
1570399243, 3129, 21, 330, 114
1570399244, 3129, 21, 330, 115
1570399245, 3129, 21, 329, 115
1570399246, 3129, 21, 329, 116
1570399247, 3129, 21, 330, 115
1570399248, 3129, 21, 330, 113
1570399249, 3129, 21, 331, 114
1570399250, 3129, 21, 330, 115
1570399251, 3129, 21, 330, 114
1570399252, 3129, 21, 330, 115
1570399253, 3129, 21, 330, 114
1570399254, 3129, 21, 329, 115
1570399255, 3129, 21, 331, 116
1570399256, 3129, 21, 330, 115
1570399257, 3129, 21, 331, 115
1570399258, 3129, 21, 330, 114
1570399259, 3129, 21, 330, 114
1570399260, 3129, 21, 330, 115
1570399261, 3129, 21, 330, 114
1570399262, 3129, 21, 330, 115
1570399263, 3129, 21, 329, 116
1570399264, 3129, 21, 331, 116
1570399265, 3129, 21, 330, 115
1570399266, 3129, 21, 332, 115
1570399267, 3129, 21, 330, 113
1570399268, 3129, 21, 330, 113
1570399269, 3129, 21, 330, 115
1570399270, 3129, 21, 330, 115
1570399271, 3129, 21, 330, 114
1570399272, 3129, 21, 330, 116
1570399273, 3129, 21, 330, 115
1570399274, 3129, 21, 331, 115
1570399275, 3129, 21, 330, 114
1570399276, 3129, 21, 330, 114
1570399277, 3129, 21, 331, 115
1570399278, 3129, 21, 331, 114
1570399279, 3129, 21, 330, 115
1570399280, 3129, 21, 329, 115
1570399281, 3129, 21, 331, 116
1570399282, 3129, 21, 330, 115
1570399283, 3129, 21, 331, 115
1570399284, 3129, 21, 330, 115
1570399285, 3129, 21, 330, 114
1570399286, 3129, 21, 330, 113
1570399287, 3129, 21, 330, 114
1570399288, 3129, 21, 330, 113
1570399289, 3129, 21, 330, 116
1570399290, 3129, 21, 330, 116
1570399291, 3129, 21, 329, 115
1570399292, 3129, 21, 330, 114
1570399293, 3129, 21, 330, 115
1570399294, 3129, 21, 330, 114
1570399295, 3129, 21, 330, 114
1570399296, 3129, 21, 330, 114
1570399297, 3129, 21, 330, 115
1570399298, 3129, 21, 329, 116
1570399299, 3129, 21, 330, 116
1570399300, 3129, 21, 330, 115
1570399301, 3129, 21, 330, 115
1570399302, 3129, 21, 329, 115
1570399303, 3129, 21, 330, 113
1570399304, 3129, 21, 330, 114
1570399305, 3129, 21, 330, 114
1570399306, 3129, 21, 330, 114
1570399307, 3129, 21, 330, 116
1570399308, 3129, 21, 330, 150
1570399309, 3129, 21, 330, 20
1570399310, 3129, 21, 330, 20
1570399311, 3129, 21, 331, 20
1570399312, 3129, 21, 329, 35
1570399313, 3129, 21, 330, 45
1570399314, 3129, 21, 330, 59
1570399315, 3129, 21, 329, 58
1570399316, 3129, 21, 330, 69
1570399317, 3129, 21, 330, 83
1570399318, 3129, 21, 330, 79
1570399319, 3129, 21, 330, 115
1570399320, 3129, 21, 330, 114
1570399321, 3129, 21, 56, 45
1570399322, 3129, 21, 56, 114
1570399323, 3129, 21, 56, 114
1570399324, 3129, 21, 56, 115
1570399325, 3129, 21, 56, 116
1570399326, 3129, 21, 56, 115
1570399327, 3129, 21, 56, 114
1570399328, 3129, 21, 56, 115
1570399329, 3129, 21, 56, 115
1570399330, 3129, 21, 56, 115
1570399331, 3129, 21, 56, 114
1570399332, 3129, 21, 56, 114
1570399333, 3129, 21, 56, 115
1570399334, 3129, 21, 56, 116
1570399335, 3129, 21, 57, 115
1570399336, 3129, 21, 59, 114
1570399337, 3129, 21, 61, 115
1570399338, 3129, 21, 65, 114
1570399339, 3129, 21, 69, 115
1570399340, 3129, 21, 57, 114
1570399341, 3129, 21, 56, 20
1570399342, 3129, 21, 56, 73
1570399343, 3129, 21, 63, 68
1570399344, 3129, 21, 65, 65
1570399345, 3129, 21, 66, 64
1570399346, 3129, 21, 70, 65
1570399347, 3129, 21, 69, 67
1570399348, 3129, 21, 71, 66
1570399349, 3129, 21, 75, 66
1570399350, 3129, 21, 76, 65
1570399351, 3129, 21, 79, 66
1570399352, 3129, 21, 82, 66
1570399353, 3129, 21, 87, 63
1570399354, 3129, 21, 90, 60
1570399355, 3129, 21, 332, 59
1570399356, 3129, 21, 329, 57
1570399357, 3129, 21, 99, 57
1570399358, 3129, 21, 101, 58
1570399359, 3129, 21, 198, 63
1570399360, 3129, 21, 329, 116
1570399361, 3129, 21, 330, 116
1570399362, 3129, 21, 330, 114
1570399363, 3129, 21, 332, 114
1570399364, 3129, 21, 330, 112
1570399365, 3129, 21, 330, 114
1570399366, 3129, 21, 330, 115
1570399367, 3129, 21, 332, 115
1570399368, 3129, 21, 330, 115
1570399369, 3129, 21, 330, 116
1570399370, 3129, 21, 330, 115
1570399371, 3129, 21, 330, 114
1570399372, 3129, 21, 330, 115
1570399373, 3129, 21, 330, 114
1570399374, 3129, 21, 330, 115
1570399375, 3129, 21, 331, 114
1570399376, 3129, 21, 330, 114
1570399377, 3129, 21, 329, 115
1570399378, 3129, 21, 330, 116
1570399379, 3129, 21, 331, 115
1570399380, 3129, 21, 329, 114
1570399381, 3129, 21, 330, 115
1570399382, 3129, 21, 330, 114
1570399383, 3129, 21, 330, 115
1570399384, 3129, 21, 333, 114
1570399385, 3129, 21, 331, 115
1570399386, 3129, 21, 330, 115
1570399387, 3129, 21, 329, 116
1570399388, 3129, 21, 330, 114
1570399389, 3129, 21, 330, 114
1570399390, 3129, 21, 330, 115
1570399391, 3129, 21, 329, 114
1570399392, 3129, 21, 331, 115
1570399393, 3129, 21, 331, 115
1570399394, 3129, 21, 330, 115
1570399395, 3129, 21, 330, 116
1570399396, 3129, 21, 330, 116
1570399397, 3129, 21, 331, 114
1570399398, 3129, 21, 330, 114
1570399399, 3129, 21, 331, 115
1570399400, 3129, 21, 331, 115
1570399401, 3129, 21, 330, 115
1570399402, 3129, 21, 330, 114
1570399403, 3129, 21, 330, 115
1570399404, 3129, 21, 329, 116
1570399405, 3129, 21, 330, 115
1570399406, 3129, 21, 330, 114
1570399407, 3129, 21, 330, 112
1570399408, 3129, 21, 330, 115
1570399409, 3129, 21, 331, 114
1570399410, 3129, 21, 331, 115
1570399411, 3129, 21, 330, 114
1570399412, 3129, 21, 329, 115
1570399413, 3129, 21, 330, 116
1570399414, 3129, 21, 330, 115
1570399415, 3129, 21, 331, 114
1570399416, 3129, 21, 330, 114
1570399417, 3129, 21, 331, 115
1570399418, 3129, 21, 331, 114
1570399419, 3129, 21, 330, 115
1570399420, 3129, 21, 331, 115
1570399421, 3129, 21, 330, 115
1570399422, 3129, 21, 330, 116
1570399423, 3129, 21, 330, 115
1570399424, 3129, 21, 331, 114
1570399425, 3129, 21, 331, 114
1570399426, 3129, 21, 330, 115
1570399427, 3129, 21, 330, 114
1570399428, 3129, 21, 331, 115
1570399429, 3129, 21, 330, 114
1570399430, 3129, 21, 330, 116
1570399431, 3129, 21, 330, 116
1570399432, 3129, 21, 331, 115
1570399433, 3129, 21, 330, 114
1570399434, 3129, 21, 330, 115
1570399435, 3129, 21, 331, 114
1570399436, 3129, 21, 331, 114
1570399437, 3129, 21, 332, 115
1570399438, 3129, 21, 330, 114
1570399439, 3129, 21, 329, 116
1570399440, 3129, 21, 330, 116
1570399441, 3129, 21, 331, 115
1570399442, 3129, 21, 330, 114
1570399443, 3129, 21, 330, 115
1570399444, 3129, 21, 330, 115
1570399445, 3129, 21, 330, 114
1570399446, 3129, 21, 331, 114
1570399447, 3129, 21, 330, 114
1570399448, 3129, 21, 330, 116
1570399449, 3129, 21, 330, 115
1570399450, 3129, 21, 330, 115
1570399451, 3129, 21, 330, 114
1570399452, 3129, 21, 330, 115
1570399453, 3129, 21, 330, 114
1570399454, 3129, 21, 330, 115
1570399455, 3129, 21, 331, 115
1570399456, 3129, 21, 330, 115
1570399457, 3129, 21, 330, 116
1570399458, 3129, 21, 330, 115
1570399459, 3129, 21, 332, 115
1570399460, 3129, 21, 330, 114
1570399461, 3129, 21, 331, 114
1570399462, 3129, 21, 330, 115
1570399463, 3129, 21, 330, 114
1570399464, 3129, 21, 330, 115
1570399465, 3129, 21, 330, 115
1570399466, 3129, 21, 330, 116
1570399467, 3129, 21, 333, 114
1570399468, 3129, 21, 331, 115
1570399469, 3129, 21, 330, 114
1570399470, 3129, 21, 330, 115
1570399471, 3129, 21, 330, 115
1570399472, 3129, 21, 330, 114
1570399473, 3129, 21, 330, 115
1570399474, 3129, 21, 330, 116
1570399475, 3129, 21, 330, 116
1570399476, 3129, 21, 330, 114
1570399477, 3129, 21, 330, 114
1570399478, 3129, 21, 330, 115
1570399479, 3129, 21, 330, 114
1570399480, 3129, 21, 333, 115
1570399481, 3129, 21, 331, 115
1570399482, 3129, 21, 329, 115
1570399483, 3129, 21, 329, 116
1570399484, 3129, 21, 330, 115
1570399485, 3129, 21, 330, 114
1570399486, 3129, 21, 331, 114
1570399487, 3129, 21, 330, 113
1570399488, 3129, 21, 331, 113
1570399489, 3129, 21, 331, 115
1570399490, 3129, 21, 331, 114
1570399491, 3129, 21, 329, 114
1570399492, 3129, 21, 331, 116
1570399493, 3129, 21, 329, 115
1570399494, 3129, 21, 331, 115
1570399495, 3129, 21, 330, 114
1570399496, 3129, 21, 331, 114
1570399497, 3129, 21, 330, 115
1570399498, 3129, 21, 330, 115
1570399499, 3129, 21, 330, 114
1570399500, 3129, 21, 330, 115
1570399501, 3129, 21, 330, 116
1570399502, 3129, 21, 330, 115
1570399503, 3129, 21, 330, 114
1570399504, 3129, 21, 331, 115
1570399505, 3129, 21, 331, 114
1570399506, 3129, 21, 330, 114
1570399507, 3129, 21, 331, 114
1570399508, 3129, 21, 330, 114
1570399509, 3129, 21, 330, 116
1570399510, 3129, 21, 330, 116
1570399511, 3129, 21, 330, 115
1570399512, 3129, 21, 329, 114
1570399513, 3129, 21, 331, 115
1570399514, 3129, 21, 331, 114
1570399515, 3129, 21, 330, 114
1570399516, 3129, 21, 330, 114
1570399517, 3129, 21, 329, 114
1570399518, 3129, 21, 330, 116
1570399519, 3129, 21, 331, 116
1570399520, 3129, 21, 331, 114
1570399521, 3129, 21, 330, 114
1570399522, 3129, 21, 330, 113
1570399523, 3129, 21, 331, 114
1570399524, 3129, 21, 330, 115
1570399525, 3129, 21, 331, 114
1570399526, 3129, 21, 330, 115
1570399527, 3129, 21, 329, 116
1570399528, 3129, 21, 330, 115
1570399529, 3129, 21, 330, 115
1570399530, 3129, 21, 330, 115
1570399531, 3129, 21, 330, 115
1570399532, 3129, 21, 330, 114
1570399533, 3129, 21, 329, 115
1570399534, 3129, 21, 330, 114
1570399535, 3129, 21, 330, 115
1570399536, 3129, 21, 330, 116
1570399537, 3129, 21, 330, 115
1570399538, 3129, 21, 331, 115
1570399539, 3129, 21, 331, 114
1570399540, 3129, 21, 330, 115
1570399541, 3129, 21, 330, 114
1570399542, 3129, 21, 330, 115
1570399543, 3129, 21, 330, 114
1570399544, 3129, 21, 329, 115
1570399545, 3129, 21, 332, 116
1570399546, 3129, 21, 330, 114
1570399547, 3129, 21, 331, 115
1570399548, 3129, 21, 331, 114
1570399549, 3129, 21, 329, 115
1570399550, 3129, 21, 330, 113
1570399551, 3129, 21, 331, 115
1570399552, 3129, 21, 330, 114
1570399553, 3129, 21, 330, 116
1570399554, 3129, 21, 330, 116
1570399555, 3129, 21, 330, 114
1570399556, 3129, 21, 330, 114
1570399557, 3129, 21, 330, 114
1570399558, 3129, 21, 331, 114
1570399559, 3129, 21, 330, 114
1570399560, 3129, 21, 330, 115
1570399561, 3129, 21, 330, 114
1570399562, 3129, 21, 330, 116
1570399563, 3129, 21, 330, 116
1570399564, 3129, 21, 331, 115
1570399565, 3129, 21, 330, 114
1570399566, 3129, 21, 330, 114
1570399567, 3129, 21, 330, 112
1570399568, 3129, 21, 330, 114
1570399569, 3129, 21, 329, 115
1570399570, 3129, 21, 330, 114
1570399571, 3129, 21, 329, 116
1570399572, 3129, 21, 331, 115
1570399573, 3129, 21, 331, 115
1570399574, 3129, 21, 331, 114
1570399575, 3129, 21, 331, 115
1570399576, 3129, 21, 330, 114
1570399577, 3129, 21, 330, 114
1570399578, 3129, 21, 331, 115
1570399579, 3129, 21, 329, 115
1570399580, 3129, 21, 330, 116
1570399581, 3129, 21, 331, 115
1570399582, 3129, 21, 331, 115
1570399583, 3129, 21, 331, 113
1570399584, 3129, 21, 330, 115
1570399585, 3129, 21, 330, 114
1570399586, 3129, 21, 330, 114
1570399587, 3129, 21, 330, 114
1570399588, 3129, 21, 331, 115
1570399589, 3129, 21, 329, 116
1570399590, 3129, 21, 330, 114
1570399591, 3129, 21, 330, 115
1570399592, 3129, 21, 331, 114
1570399593, 3129, 21, 330, 115
1570399594, 3129, 21, 331, 114
1570399595, 3129, 21, 330, 114
1570399596, 3129, 21, 330, 114
1570399597, 3129, 21, 330, 116
1570399598, 3129, 21, 332, 116
1570399599, 3129, 21, 330, 114
1570399600, 3129, 21, 330, 115
1570399601, 3129, 21, 330, 114
1570399602, 3129, 21, 330, 115
1570399603, 3129, 21, 330, 114
1570399604, 3129, 21, 331, 115
1570399605, 3129, 21, 330, 114
1570399606, 3129, 21, 330, 116
1570399607, 3129, 21, 330, 116
1570399608, 3129, 21, 331, 114
1570399609, 3129, 21, 330, 114
1570399610, 3129, 21, 330, 114
1570399611, 3129, 21, 331, 114
1570399612, 3129, 21, 330, 114
1570399613, 3129, 21, 330, 114
1570399614, 3129, 21, 330, 114
1570399615, 3129, 21, 329, 116
1570399616, 3129, 21, 329, 115
1570399617, 3129, 21, 330, 114
1570399618, 3129, 21, 330, 114
1570399619, 3129, 21, 330, 114
1570399620, 3129, 21, 330, 114
1570399621, 3129, 21, 332, 114
1570399622, 3129, 21, 329, 114
1570399623, 3129, 21, 330, 114
1570399624, 3129, 21, 330, 116
1570399625, 3129, 21, 330, 115
1570399626, 3129, 21, 330, 114
1570399627, 3129, 21, 330, 114
1570399628, 3129, 21, 329, 114
1570399629, 3129, 21, 330, 113
1570399630, 3129, 21, 330, 114
1570399631, 3129, 21, 330, 112
1570399632, 3129, 21, 330, 115
1570399633, 3129, 21, 329, 116
1570399634, 3129, 21, 330, 115
1570399635, 3129, 21, 331, 114
1570399636, 3129, 21, 329, 114
1570399637, 3129, 21, 331, 114
1570399638, 3129, 21, 330, 114
1570399639, 3129, 21, 331, 114
1570399640, 3129, 21, 329, 114
1570399641, 3129, 21, 332, 115
1570399642, 3129, 21, 330, 116
1570399643, 3129, 21, 331, 115
1570399644, 3129, 21, 330, 115
1570399645, 3129, 21, 330, 114
1570399646, 3129, 21, 330, 115
1570399647, 3129, 21, 330, 114
1570399648, 3129, 21, 331, 114
1570399649, 3129, 21, 332, 114
1570399650, 3129, 21, 329, 115
1570399651, 3129, 21, 330, 116
1570399652, 3129, 21, 330, 115
1570399653, 3129, 21, 330, 114
1570399654, 3129, 21, 331, 114
1570399655, 3129, 21, 330, 114
1570399656, 3129, 21, 330, 115
1570399657, 3129, 21, 330, 114
1570399658, 3129, 21, 330, 115
1570399659, 3129, 21, 330, 115
1570399660, 3129, 21, 329, 116
1570399661, 3129, 21, 331, 114
1570399662, 3129, 21, 331, 114
1570399663, 3129, 21, 330, 114
1570399664, 3129, 21, 331, 114
1570399665, 3129, 21, 330, 114
1570399666, 3129, 21, 330, 112
1570399667, 3129, 21, 330, 114
1570399668, 3129, 21, 330, 115
1570399669, 3129, 21, 330, 116
1570399670, 3129, 21, 330, 114
1570399671, 3129, 21, 330, 113
1570399672, 3129, 21, 330, 114
1570399673, 3129, 21, 330, 115
1570399674, 3129, 21, 329, 114
1570399675, 3129, 21, 330, 115
1570399676, 3129, 21, 330, 114
1570399677, 3129, 21, 329, 116
1570399678, 3129, 21, 330, 116
1570399679, 3129, 21, 331, 115
1570399680, 3129, 21, 331, 114
1570399681, 3129, 21, 330, 115
1570399682, 3129, 21, 330, 113
1570399683, 3129, 21, 331, 114
1570399684, 3129, 21, 330, 42
1570399685, 3129, 21, 330, 113
1570399686, 3129, 21, 329, 116
1570399687, 3129, 21, 329, 116
1570399688, 3129, 21, 331, 114
1570399689, 3129, 21, 330, 114
1570399690, 3129, 21, 330, 114
1570399691, 3129, 21, 330, 114
1570399692, 3129, 21, 332, 115
1570399693, 3129, 21, 332, 114
1570399694, 3129, 21, 330, 115
1570399695, 3129, 21, 329, 116
1570399696, 3129, 21, 330, 116
1570399697, 3129, 21, 332, 115
1570399698, 3129, 21, 331, 114
1570399699, 3129, 21, 330, 115
1570399700, 3129, 21, 330, 114
1570399701, 3129, 21, 330, 115
1570399702, 3129, 21, 330, 115
1570399703, 3129, 21, 329, 114
1570399704, 3129, 21, 329, 116
1570399705, 3129, 21, 330, 115
1570399706, 3129, 21, 330, 114
1570399707, 3129, 21, 330, 115
1570399708, 3129, 21, 330, 114
1570399709, 3129, 21, 330, 115
1570399710, 3129, 21, 331, 115
1570399711, 3129, 21, 331, 115
1570399712, 3129, 21, 330, 116
1570399713, 3129, 21, 329, 116
1570399714, 3129, 21, 330, 112
1570399715, 3129, 21, 330, 115
1570399716, 3129, 21, 330, 115
1570399717, 3129, 21, 332, 115
1570399718, 3129, 21, 331, 115
1570399719, 3129, 21, 330, 114
1570399720, 3129, 21, 330, 115
1570399721, 3129, 21, 330, 116
1570399722, 3129, 21, 331, 116
1570399723, 3129, 21, 330, 115
1570399724, 3129, 21, 330, 115
1570399725, 3129, 21, 330, 115
1570399726, 3129, 21, 332, 115
1570399727, 3129, 21, 330, 115
1570399728, 3129, 21, 329, 115
1570399729, 3129, 21, 331, 115
1570399730, 3129, 21, 330, 116
1570399731, 3129, 21, 331, 115
1570399732, 3129, 21, 330, 115
1570399733, 3129, 21, 330, 114
1570399734, 3129, 21, 330, 114
1570399735, 3129, 21, 330, 115
1570399736, 3129, 21, 330, 113
1570399737, 3129, 21, 330, 115
1570399738, 3129, 21, 330, 115
1570399739, 3129, 21, 330, 116
1570399740, 3129, 21, 330, 114
1570399741, 3129, 21, 330, 114
1570399742, 3129, 21, 330, 115
1570399743, 3129, 21, 330, 114
1570399744, 3129, 21, 330, 115
1570399745, 3129, 21, 330, 114
1570399746, 3129, 21, 331, 115
1570399747, 3129, 21, 330, 116
1570399748, 3129, 21, 330, 116
1570399749, 3129, 21, 330, 115
1570399750, 3129, 21, 330, 115
1570399751, 3129, 21, 331, 115
1570399752, 3129, 21, 330, 114
1570399753, 3129, 21, 330, 114
1570399754, 3129, 21, 329, 114
1570399755, 3129, 21, 329, 114
1570399756, 3129, 21, 329, 116
1570399757, 3129, 21, 330, 115
1570399758, 3129, 21, 330, 115
1570399759, 3129, 21, 329, 112
1570399760, 3129, 21, 330, 114
1570399761, 3129, 21, 330, 114
1570399762, 3129, 21, 331, 114
1570399763, 3129, 21, 331, 114
1570399764, 3129, 21, 330, 115
1570399765, 3129, 21, 330, 116
1570399766, 3129, 21, 330, 115
1570399767, 3129, 21, 330, 114
1570399768, 3129, 21, 330, 114
1570399769, 3129, 21, 331, 115
1570399770, 3129, 21, 330, 114
1570399771, 3129, 21, 330, 115
1570399772, 3129, 21, 331, 114
1570399773, 3129, 21, 330, 115
1570399774, 3129, 21, 331, 116
1570399775, 3129, 21, 330, 114
1570399776, 3129, 21, 330, 115
1570399777, 3129, 21, 331, 114
1570399778, 3129, 21, 330, 113
1570399779, 3129, 21, 330, 113
1570399780, 3129, 21, 330, 114
1570399781, 3129, 21, 330, 115
1570399782, 3129, 21, 329, 116
1570399783, 3129, 21, 329, 116
1570399784, 3129, 21, 331, 114
1570399785, 3129, 21, 330, 114
1570399786, 3129, 21, 331, 114
1570399787, 3129, 21, 330, 115
1570399788, 3129, 21, 330, 114
1570399789, 3129, 21, 330, 115
1570399790, 3129, 21, 329, 114
1570399791, 3129, 21, 330, 116
1570399792, 3129, 21, 330, 116
1570399793, 3129, 21, 331, 115
1570399794, 3129, 21, 330, 114
1570399795, 3129, 21, 330, 113
1570399796, 3129, 21, 330, 114
1570399797, 3129, 21, 330, 115
1570399798, 3129, 21, 331, 114
1570399799, 3129, 21, 329, 114
1570399800, 3129, 21, 329, 116
1570399801, 3129, 21, 330, 115
1570399802, 3129, 21, 330, 114
1570399803, 3129, 21, 330, 114
1570399804, 3129, 21, 330, 114
1570399805, 3129, 21, 330, 114
1570399806, 3129, 21, 330, 114
1570399807, 3129, 21, 330, 114
1570399808, 3129, 21, 330, 114
1570399809, 3129, 21, 330, 116
1570399810, 3129, 21, 330, 115
1570399811, 3129, 21, 331, 114
1570399812, 3129, 21, 330, 115
1570399813, 3129, 21, 330, 114
1570399814, 3129, 21, 331, 115
1570399815, 3129, 21, 331, 114
1570399816, 3129, 21, 330, 115
1570399817, 3129, 21, 330, 115
1570399818, 3129, 21, 330, 116
1570399819, 3129, 21, 331, 114
1570399820, 3129, 21, 329, 114
1570399821, 3129, 21, 330, 113
1570399822, 3129, 21, 330, 114
1570399823, 3129, 21, 330, 115
1570399824, 3129, 21, 331, 114
1570399825, 3129, 21, 330, 115
1570399826, 3129, 21, 330, 115
1570399827, 3129, 21, 331, 116
1570399828, 3129, 21, 330, 115
1570399829, 3129, 21, 331, 112
1570399830, 3129, 21, 330, 113
1570399831, 3129, 21, 330, 115
1570399832, 3129, 21, 331, 114
1570399833, 3129, 21, 330, 114
1570399834, 3129, 21, 330, 115
1570399835, 3129, 21, 329, 116
1570399836, 3129, 21, 331, 114
1570399837, 3129, 21, 330, 115
1570399838, 3129, 21, 331, 115
1570399839, 3129, 21, 330, 115
1570399840, 3129, 21, 330, 115
1570399841, 3129, 21, 330, 114
1570399842, 3129, 21, 330, 115
1570399843, 3129, 21, 330, 116
1570399844, 3129, 21, 330, 116
1570399845, 3129, 21, 329, 115
1570399846, 3129, 21, 330, 115
1570399847, 3129, 21, 330, 115
1570399848, 3129, 21, 330, 115
1570399849, 3129, 21, 331, 115
1570399850, 3129, 21, 330, 115
1570399851, 3129, 21, 330, 115
1570399852, 3129, 21, 330, 116
1570399853, 3129, 21, 330, 115
1570399854, 3129, 21, 330, 115
1570399855, 3129, 21, 330, 115
1570399856, 3129, 21, 330, 115
1570399857, 3129, 21, 330, 115
1570399858, 3129, 21, 330, 115
1570399859, 3129, 21, 330, 115
1570399860, 3129, 21, 330, 116
1570399861, 3129, 21, 331, 116
1570399862, 3129, 21, 330, 115
1570399863, 3129, 21, 330, 115
1570399864, 3129, 21, 329, 114
1570399865, 3129, 21, 330, 115
1570399866, 3129, 21, 330, 114
1570399867, 3129, 21, 330, 115
1570399868, 3129, 21, 330, 115
1570399869, 3129, 21, 330, 116
1570399870, 3129, 21, 330, 115
1570399871, 3129, 21, 331, 114
1570399872, 3129, 21, 330, 115
1570399873, 3129, 21, 331, 114
1570399874, 3129, 21, 330, 114
1570399875, 3129, 21, 330, 115
1570399876, 3129, 21, 330, 114
1570399877, 3129, 21, 329, 116
1570399878, 3129, 21, 330, 116
1570399879, 3129, 21, 330, 114
1570399880, 3129, 21, 329, 115
1570399881, 3129, 21, 331, 113
1570399882, 3129, 21, 332, 114
1570399883, 3129, 21, 330, 115
1570399884, 3129, 21, 331, 115
1570399885, 3129, 21, 329, 115
1570399886, 3129, 21, 329, 116
1570399887, 3129, 21, 330, 116
1570399888, 3129, 21, 330, 115
1570399889, 3129, 21, 330, 115
1570399890, 3129, 21, 331, 114
1570399891, 3129, 21, 330, 115
1570399892, 3129, 21, 330, 114
1570399893, 3129, 21, 330, 114
1570399894, 3129, 21, 329, 116
1570399895, 3129, 21, 330, 116
1570399896, 3129, 21, 330, 115
1570399897, 3129, 21, 330, 115
1570399898, 3129, 21, 331, 115
1570399899, 3129, 21, 330, 115
1570399900, 3129, 21, 330, 115
1570399901, 3129, 21, 330, 113
1570399902, 3129, 21, 329, 115
1570399903, 3129, 21, 329, 116
1570399904, 3129, 21, 330, 115
1570399905, 3129, 21, 331, 115
1570399906, 3129, 21, 329, 114
1570399907, 3129, 21, 331, 112
1570399908, 3129, 21, 330, 115
1570399909, 3129, 21, 330, 114
1570399910, 3129, 21, 330, 115
1570399911, 3129, 21, 330, 116
1570399912, 3129, 21, 329, 116
1570412090, 3129, 19, 225, 111
1570412091, 3129, 19, 225, 112
1570412092, 3129, 19, 225, 109
1570412093, 3129, 19, 224, 112
1570412094, 3129, 19, 225, 112
1570412095, 3129, 19, 226, 109
1570412096, 3129, 19, 225, 111
1570412097, 3129, 19, 225, 110
1570412098, 3129, 19, 223, 110
1570412099, 3129, 19, 225, 109
1570412100, 3129, 19, 225, 114
1570412101, 3129, 19, 225, 112
1570412102, 3129, 19, 224, 112
1570412103, 3129, 19, 225, 112
1570412104, 3129, 19, 226, 113
1570412105, 3129, 19, 225, 114
1570412106, 3129, 19, 224, 111
1570412107, 3129, 19, 225, 113
1570412108, 3129, 19, 225, 111
1570412109, 3129, 19, 225, 113
1570412110, 3129, 19, 225, 111
1570412111, 3129, 19, 225, 112
1570412112, 3129, 19, 225, 112
1570412113, 3129, 19, 225, 110
1570412114, 3129, 19, 226, 113
1570412115, 3129, 19, 227, 111
1570412116, 3129, 19, 225, 110
1570412117, 3129, 19, 227, 112
1570412118, 3129, 19, 226, 110
1570412119, 3129, 19, 224, 113
1570412120, 3129, 19, 225, 111
1570412121, 3129, 19, 225, 111
1570412122, 3129, 19, 226, 110
1570412123, 3129, 19, 225, 112
1570412124, 3129, 19, 227, 110
1570412125, 3129, 19, 225, 111
1570412126, 3129, 19, 225, 109
1570412127, 3129, 19, 225, 108
1570412128, 3129, 19, 225, 111
1570412129, 3129, 19, 225, 110
1570412130, 3129, 19, 225, 111
1570412131, 3129, 19, 225, 111
1570412132, 3129, 19, 225, 111
1570412133, 3129, 19, 226, 109
1570412134, 3129, 19, 225, 112
1570412135, 3129, 19, 225, 109
1570412136, 3129, 19, 224, 114
1570412137, 3129, 19, 225, 112
1570412138, 3129, 19, 225, 111
1570412139, 3129, 19, 225, 114
1570412140, 3129, 19, 225, 110
1570412141, 3129, 19, 225, 111
1570412142, 3129, 19, 225, 110
1570412143, 3129, 19, 225, 110
1570412144, 3129, 19, 225, 113
1570412145, 3129, 19, 224, 111
1570412146, 3129, 19, 224, 112
1570412147, 3129, 19, 225, 111
1570412148, 3129, 19, 225, 111
1570412149, 3129, 19, 225, 108
1570412150, 3129, 19, 225, 109
1570412151, 3129, 19, 224, 110
1570412152, 3129, 19, 225, 113
1570412153, 3129, 19, 225, 113
1570412154, 3129, 19, 226, 110
1570412155, 3129, 19, 224, 114
1570412156, 3129, 19, 225, 110
1570412157, 3129, 19, 225, 108
1570412158, 3129, 19, 225, 111
1570412159, 3129, 19, 225, 114
1570412160, 3129, 19, 225, 110
1570412161, 3129, 19, 225, 109
1570412162, 3129, 19, 224, 111
1570412163, 3129, 19, 225, 112
1570412164, 3129, 19, 225, 114
1570412165, 3129, 19, 225, 113
1570412166, 3129, 19, 226, 110
1570412167, 3129, 19, 226, 110
1570412168, 3129, 19, 225, 114
1570412169, 3129, 19, 225, 114
1570412170, 3129, 19, 225, 114
1570412171, 3129, 19, 225, 111
1570412172, 3129, 19, 225, 109
1570412173, 3129, 19, 226, 113
1570412174, 3129, 19, 225, 110
1570412175, 3129, 19, 226, 112
1570412176, 3129, 19, 225, 110
1570412177, 3129, 19, 225, 111
1570412178, 3129, 19, 226, 112
1570412179, 3129, 19, 225, 112
1570412180, 3129, 19, 225, 112
1570412181, 3129, 19, 225, 110
1570412182, 3129, 19, 225, 110
1570412183, 3129, 19, 225, 111
1570412184, 3129, 19, 225, 113
1570412185, 3129, 19, 225, 114
1570412186, 3129, 19, 226, 111
1570412187, 3129, 19, 225, 113
1570412188, 3129, 19, 224, 112
1570412189, 3129, 19, 225, 111
1570412190, 3129, 19, 225, 111
1570412191, 3129, 19, 224, 113
1570412192, 3129, 19, 225, 110
1570412193, 3129, 19, 226, 114
1570412194, 3129, 19, 225, 113
1570412195, 3129, 19, 224, 112
1570412196, 3129, 19, 225, 115
1570412197, 3129, 19, 227, 111
1570412198, 3129, 19, 225, 110
1570412199, 3129, 19, 227, 113
1570412200, 3129, 19, 225, 112
1570412201, 3129, 19, 225, 111
1570412202, 3129, 19, 225, 113
1570412203, 3129, 19, 225, 111
1570412204, 3129, 19, 225, 112
1570412205, 3129, 19, 225, 111
1570412206, 3129, 19, 225, 111
1570412207, 3129, 19, 224, 113
1570412208, 3129, 19, 224, 114
1570412209, 3129, 19, 225, 111
1570412210, 3129, 19, 225, 112
1570412211, 3129, 19, 225, 112
1570412212, 3129, 19, 224, 111
1570412213, 3129, 19, 224, 114
1570412214, 3129, 19, 225, 114
1570412215, 3129, 19, 226, 113
1570412216, 3129, 19, 225, 112
1570412217, 3129, 19, 225, 110
1570412218, 3129, 19, 225, 109
1570412219, 3129, 19, 226, 111
1570412220, 3129, 19, 224, 114
1570412221, 3129, 19, 224, 114
1570412222, 3129, 19, 224, 115
1570412223, 3129, 19, 225, 110
1570412224, 3129, 19, 225, 113
1570412225, 3129, 19, 225, 113
1570412226, 3129, 19, 225, 114
1570412227, 3129, 19, 225, 111
1570412228, 3129, 19, 225, 112
1570412229, 3129, 19, 225, 110
1570412230, 3129, 19, 224, 113
1570412231, 3129, 19, 225, 115
1570412232, 3129, 19, 226, 110
1570412233, 3129, 19, 226, 110
1570412234, 3129, 19, 226, 114
1570412235, 3129, 19, 226, 112
1570412236, 3129, 19, 225, 113
1570412237, 3129, 19, 225, 111
1570412238, 3129, 19, 224, 112
1570412239, 3129, 19, 224, 111
1570412240, 3129, 19, 225, 110
1570412241, 3129, 19, 225, 111
1570412242, 3129, 19, 226, 112
1570412243, 3129, 19, 225, 114
1570412244, 3129, 19, 225, 113
1570412245, 3129, 19, 225, 111
1570412246, 3129, 19, 225, 113
1570412247, 3129, 19, 224, 114
1570412248, 3129, 19, 226, 112
1570412249, 3129, 19, 225, 111
1570412250, 3129, 19, 225, 112
1570412251, 3129, 19, 225, 111
1570412252, 3129, 19, 225, 112
1570412253, 3129, 19, 225, 111
1570412254, 3129, 19, 225, 111
1570412255, 3129, 19, 225, 114
1570412256, 3129, 19, 224, 115
1570412257, 3129, 19, 225, 115
1570412258, 3129, 19, 225, 112
1570412259, 3129, 19, 225, 111
1570412260, 3129, 19, 225, 110
1570412261, 3129, 19, 225, 114
1570412262, 3129, 19, 225, 114
1570412263, 3129, 19, 225, 111
1570412264, 3129, 19, 224, 114
1570412265, 3129, 19, 225, 114
1570412266, 3129, 19, 225, 114
1570412267, 3129, 19, 225, 113
1570412268, 3129, 19, 225, 110
1570412269, 3129, 19, 225, 113
1570412270, 3129, 19, 226, 113
1570412271, 3129, 19, 225, 113
1570412272, 3129, 19, 224, 113
1570412273, 3129, 19, 225, 114
1570412274, 3129, 19, 225, 115
1570412275, 3129, 19, 226, 113
1570412276, 3129, 19, 226, 114
1570412277, 3129, 19, 225, 113
1570412278, 3129, 19, 225, 112
1570412279, 3129, 19, 225, 111
1570412280, 3129, 19, 226, 114
1570412281, 3129, 19, 224, 114
1570412282, 3129, 19, 225, 114
1570412283, 3129, 19, 226, 114
1570412284, 3129, 19, 225, 114
1570412285, 3129, 19, 225, 112
1570412286, 3129, 19, 225, 111
1570412287, 3129, 19, 226, 110
1570412288, 3129, 19, 226, 111
1570412289, 3129, 19, 225, 113
1570412290, 3129, 19, 224, 111
1570412291, 3129, 19, 226, 116
1570412292, 3129, 19, 226, 113
1570412293, 3129, 19, 225, 112
1570412294, 3129, 19, 225, 113
1570412295, 3129, 19, 226, 115
1570412296, 3129, 19, 225, 111
1570412297, 3129, 19, 225, 115
1570412298, 3129, 19, 226, 112
1570412299, 3129, 19, 225, 116
1570412300, 3129, 19, 225, 115
1570412301, 3129, 19, 225, 113
1570412302, 3129, 19, 225, 113
1570412303, 3129, 19, 225, 113
1570412304, 3129, 19, 226, 112
1570412305, 3129, 19, 224, 111
1570412306, 3129, 19, 225, 111
1570412307, 3129, 19, 225, 112
1570412308, 3129, 19, 224, 115
1570412309, 3129, 19, 225, 114
1570412310, 3129, 19, 225, 114
1570412311, 3129, 19, 225, 112
1570412312, 3129, 19, 225, 113
1570412313, 3129, 19, 225, 112
1570412314, 3129, 19, 226, 114
1570412315, 3129, 19, 225, 113
1570412316, 3129, 19, 225, 114
1570412317, 3129, 19, 224, 114
1570412318, 3129, 19, 225, 114
1570412319, 3129, 19, 225, 112
1570412320, 3129, 19, 225, 114
1570412321, 3129, 19, 225, 113
1570412322, 3129, 19, 224, 111
1570412323, 3129, 19, 225, 114
1570412324, 3129, 19, 223, 116
1570412325, 3129, 19, 227, 112
1570412326, 3129, 19, 225, 112
1570412327, 3129, 19, 225, 111
1570412328, 3129, 19, 225, 111
1570412329, 3129, 19, 225, 110
1570412330, 3129, 19, 225, 111
1570412331, 3129, 19, 225, 111
1570412332, 3129, 19, 224, 112
1570412333, 3129, 19, 225, 110
1570412334, 3129, 19, 225, 110
1570412335, 3129, 19, 225, 113
1570412336, 3129, 19, 225, 115
1570412337, 3129, 19, 225, 111
1570412338, 3129, 19, 225, 112
1570412339, 3129, 19, 225, 115
1570412340, 3129, 19, 225, 114
1570412341, 3129, 19, 224, 112
1570412342, 3129, 19, 225, 116
1570412343, 3129, 19, 225, 113
1570412344, 3129, 19, 225, 113
1570412345, 3129, 19, 225, 113
1570412346, 3129, 19, 225, 110
1570412347, 3129, 19, 225, 110
1570412348, 3129, 19, 225, 110
1570412349, 3129, 19, 225, 110
1570412350, 3129, 19, 225, 112
1570412351, 3129, 19, 225, 115
1570412352, 3129, 19, 225, 110
1570412353, 3129, 19, 225, 109
1570412354, 3129, 19, 224, 111
1570412355, 3129, 19, 225, 114
1570412356, 3129, 19, 225, 110
1570412357, 3129, 19, 225, 113
1570412358, 3129, 19, 224, 116
1570412359, 3129, 19, 224, 115
1570412360, 3129, 19, 225, 111
1570412361, 3129, 19, 225, 110
1570412362, 3129, 19, 227, 110
1570412363, 3129, 19, 225, 110
1570412364, 3129, 19, 225, 113
1570412365, 3129, 19, 225, 114
1570412366, 3129, 19, 224, 112
1570412367, 3129, 19, 224, 114
1570412368, 3129, 19, 225, 113
1570412369, 3129, 19, 225, 113
1570412370, 3129, 19, 225, 115
1570412371, 3129, 19, 226, 113
1570412372, 3129, 19, 225, 111
1570412373, 3129, 19, 225, 110
1570412374, 3129, 19, 225, 113
1570412375, 3129, 19, 225, 115
1570412376, 3129, 19, 225, 114
1570412377, 3129, 19, 225, 111
1570412378, 3129, 19, 225, 115
1570412379, 3129, 19, 226, 111
1570412380, 3129, 19, 225, 114
1570412381, 3129, 19, 224, 112
1570412382, 3129, 19, 225, 114
1570412383, 3129, 19, 225, 113
1570412384, 3129, 19, 224, 113
1570412385, 3129, 19, 225, 113
1570412386, 3129, 19, 225, 114
1570412387, 3129, 19, 225, 115
1570412388, 3129, 19, 225, 109
1570412389, 3129, 19, 225, 115
1570412390, 3129, 19, 225, 114
1570412391, 3129, 19, 225, 110
1570412392, 3129, 19, 225, 114
1570412393, 3129, 19, 225, 114
1570412394, 3129, 19, 225, 112
1570412395, 3129, 19, 225, 113
1570412396, 3129, 19, 225, 110
1570412397, 3129, 19, 225, 114
1570412398, 3129, 19, 225, 111
1570412399, 3129, 19, 225, 115
1570412400, 3129, 19, 224, 112
1570412401, 3129, 19, 225, 114
1570412402, 3129, 19, 225, 111
1570412403, 3129, 19, 224, 111
1570412404, 3129, 19, 225, 112
1570412405, 3129, 19, 225, 114
1570412406, 3129, 19, 225, 109
1570412407, 3129, 19, 225, 113
1570412408, 3129, 19, 225, 115
1570412409, 3129, 19, 224, 112
1570412410, 3129, 19, 225, 111
1570412411, 3129, 19, 225, 111
1570412412, 3129, 19, 225, 111
1570412413, 3129, 19, 225, 114
1570412414, 3129, 19, 225, 112
1570412415, 3129, 19, 225, 110
1570412416, 3129, 19, 224, 110
1570412417, 3129, 19, 224, 113
1570412418, 3129, 19, 224, 116
1570412419, 3129, 19, 225, 110
1570412420, 3129, 19, 225, 108
1570412421, 3129, 19, 226, 113
1570412422, 3129, 19, 225, 110
1570412423, 3129, 19, 225, 114
1570412424, 3129, 19, 225, 111
1570412425, 3129, 19, 225, 113
1570412426, 3129, 19, 224, 113
1570412427, 3129, 19, 224, 115
1570412428, 3129, 19, 225, 114
1570412429, 3129, 19, 225, 110
1570412430, 3129, 19, 225, 113
1570412431, 3129, 19, 225, 113
1570412432, 3129, 19, 225, 114
1570412433, 3129, 19, 225, 114
1570412434, 3129, 19, 225, 113
1570412435, 3129, 19, 224, 114
1570412436, 3129, 19, 225, 115
1570412437, 3129, 19, 225, 113
1570412438, 3129, 19, 225, 113
1570412439, 3129, 19, 225, 113
1570412440, 3129, 19, 225, 113
1570412441, 3129, 19, 226, 115
1570412442, 3129, 19, 226, 110
1570412443, 3129, 19, 223, 116
1570412444, 3129, 19, 225, 112
1570412445, 3129, 19, 225, 114
1570412446, 3129, 19, 225, 113
1570412447, 3129, 19, 226, 112
1570412448, 3129, 19, 226, 113
1570412449, 3129, 19, 225, 110
1570412450, 3129, 19, 226, 112
1570412451, 3129, 19, 225, 113
1570412452, 3129, 19, 224, 114
1570412453, 3129, 19, 225, 111
1570412454, 3129, 19, 226, 108
1570412455, 3129, 19, 225, 110
1570412456, 3129, 19, 225, 114
1570412457, 3129, 19, 226, 115
1570412458, 3129, 19, 226, 111
1570412459, 3129, 19, 227, 114
1570412460, 3129, 19, 225, 115
1570412461, 3129, 19, 225, 114
1570412462, 3129, 19, 225, 110
1570412463, 3129, 19, 225, 112
1570412464, 3129, 19, 226, 113
1570412465, 3129, 19, 226, 111
1570412466, 3129, 19, 226, 113
1570412467, 3129, 19, 225, 111
1570412468, 3129, 19, 225, 112
1570412469, 3129, 19, 225, 115
1570412470, 3129, 19, 225, 112
1570412471, 3129, 19, 225, 110
1570412472, 3129, 19, 225, 112
1570412473, 3129, 19, 226, 115
1570412474, 3129, 19, 225, 111
1570412475, 3129, 19, 225, 110
1570412476, 3129, 19, 225, 110
1570412477, 3129, 19, 224, 114
1570412478, 3129, 19, 225, 112
1570412479, 3129, 19, 225, 110
1570412480, 3129, 19, 225, 112
1570412481, 3129, 19, 225, 110
1570412482, 3129, 19, 224, 110
1570412483, 3129, 19, 225, 112
1570412484, 3129, 19, 225, 111
1570412485, 3129, 19, 225, 114
1570412486, 3129, 19, 224, 112
1570412487, 3129, 19, 225, 113
1570412488, 3129, 19, 225, 113
1570412489, 3129, 19, 225, 114
1570412490, 3129, 19, 225, 114
1570412491, 3129, 19, 225, 110
1570412492, 3129, 19, 225, 113
1570412493, 3129, 19, 225, 114
1570412517, 3129, 19, 225, 110
1570412518, 3129, 19, 225, 111
1570412519, 3129, 19, 224, 113
1570412520, 3129, 19, 224, 116
1570412521, 3129, 19, 225, 113
1570412522, 3129, 19, 225, 114
1570412523, 3129, 19, 224, 111
1570412524, 3129, 19, 226, 113
1570412525, 3129, 19, 227, 111
1570412526, 3129, 19, 226, 112
1570412527, 3129, 19, 225, 110
1570412528, 3129, 19, 225, 115
1570412529, 3129, 19, 225, 115
1570412530, 3129, 19, 225, 114
1570412531, 3129, 19, 225, 111
1570412532, 3129, 19, 225, 109
1570412533, 3129, 19, 225, 110
1570412534, 3129, 19, 225, 113
1570412535, 3129, 19, 225, 112
1570412536, 3129, 19, 225, 111
1570412537, 3129, 19, 224, 112
1570412538, 3129, 19, 225, 110
1570412539, 3129, 19, 225, 110
1570412540, 3129, 19, 225, 111
1570412541, 3129, 19, 225, 113
1570412542, 3129, 19, 225, 113
1570412543, 3129, 19, 224, 113
1570412544, 3129, 19, 225, 111
1570412545, 3129, 19, 225, 111
1570412546, 3129, 19, 225, 116
1570412547, 3129, 19, 225, 111
1570412549, 3129, 19, 225, 114
1570412550, 3128, 19, 225, 111
1570412551, 3129, 19, 225, 113
1570412552, 3129, 19, 225, 112
1570412553, 3129, 19, 224, 110
1570412554, 3129, 19, 224, 110
1570412555, 3129, 19, 224, 116
1570412556, 3129, 19, 226, 112
1570412557, 3129, 19, 225, 111
1570412558, 3129, 19, 225, 113
1570412559, 3129, 19, 225, 113
1570412560, 3129, 19, 226, 113
1570412561, 3129, 19, 225, 110
1570412562, 3129, 19, 225, 113
1570412563, 3129, 19, 225, 111
1570412564, 3129, 19, 226, 111
1570412565, 3129, 19, 225, 109
1570412566, 3129, 19, 225, 110
1570412567, 3129, 19, 225, 113
1570412568, 3129, 19, 226, 109
1570412569, 3129, 19, 225, 111
1570412570, 3129, 19, 226, 113
1570412571, 3129, 19, 225, 111
1570412572, 3129, 19, 225, 114
1570412573, 3129, 19, 226, 109
1570412574, 3129, 19, 225, 110
1570412575, 3129, 19, 225, 110
1570412576, 3129, 19, 225, 113
1570412577, 3129, 19, 225, 114
1570412578, 3129, 19, 225, 113
1570412579, 3129, 19, 225, 115
1570412580, 3129, 19, 225, 112
1570412581, 3129, 19, 225, 108
1570412582, 3129, 19, 225, 110
1570412583, 3129, 19, 225, 111
1570412584, 3129, 19, 225, 111
1570412585, 3129, 19, 225, 109
1570412587, 3129, 19, 225, 111
1570412588, 3129, 19, 224, 115
1570412589, 3129, 19, 225, 115
1570412590, 3129, 19, 226, 111
1570412591, 3129, 19, 225, 111
1570412592, 3129, 19, 225, 113
1570412593, 3129, 19, 225, 111
1570412594, 3129, 19, 225, 113
1570412595, 3129, 19, 225, 114
1570412596, 3129, 19, 225, 113
1570412597, 3129, 19, 225, 116
1570412598, 3129, 19, 225, 113
1570412599, 3129, 19, 225, 114
1570412600, 3129, 19, 226, 110
1570412601, 3129, 19, 227, 109
1570412602, 3129, 19, 225, 110
1570412603, 3129, 19, 227, 113
1570412604, 3129, 19, 225, 115
1570412605, 3129, 19, 224, 116
1570412606, 3129, 19, 225, 115
1570412607, 3129, 19, 225, 114
1570412608, 3129, 19, 225, 115
1570412609, 3129, 19, 225, 113
1570412610, 3129, 19, 225, 114
1570412611, 3129, 19, 226, 114
1570412612, 3129, 19, 225, 114
1570412613, 3129, 19, 225, 113
1570412614, 3129, 19, 224, 114
1570412615, 3129, 19, 225, 112
1570412616, 3129, 19, 225, 115
1570412617, 3129, 19, 225, 113
1570412618, 3129, 19, 225, 114
1570412619, 3129, 19, 225, 111
1570412620, 3129, 19, 225, 115
1570412621, 3129, 19, 225, 115
1570412622, 3129, 19, 223, 115
1570412623, 3129, 19, 225, 113
1570412624, 3129, 19, 225, 113
1570412625, 3129, 19, 225, 115
1570412626, 3128, 19, 225, 113
1570412627, 3129, 19, 226, 115
1570412628, 3129, 19, 225, 114
1570412629, 3129, 19, 225, 113
1570412630, 3129, 19, 225, 114
1570412631, 3129, 19, 225, 116
1570412632, 3129, 19, 223, 111
1570412633, 3129, 19, 225, 114
1570412634, 3129, 19, 226, 113
1570412635, 3129, 19, 225, 115
1570412636, 3129, 19, 225, 111
1570412637, 3129, 19, 225, 114
1570412638, 3129, 19, 225, 115
1570412639, 3129, 19, 225, 115
1570412640, 3129, 19, 224, 115
1570412641, 3129, 19, 225, 115
1570412642, 3129, 19, 225, 114
1570412643, 3129, 19, 225, 114
1570412644, 3129, 19, 224, 113
1570412645, 3129, 19, 225, 111
1570412646, 3129, 19, 226, 110
1570412647, 3129, 19, 225, 113
1570412648, 3129, 19, 294, 115
1570412649, 3129, 19, 214, 113
1570412650, 3129, 19, 56, 113
1570412651, 3129, 19, 225, 114
1570412652, 3129, 19, 225, 111
1570412653, 3129, 19, 225, 114
1570412654, 3129, 19, 225, 111
1570412655, 3129, 19, 225, 115
1570412656, 3129, 19, 224, 115
1570412657, 3129, 19, 225, 113
1570412658, 3129, 19, 225, 113
1570412659, 3129, 19, 225, 111
1570412660, 3129, 19, 225, 113
1570412661, 3129, 19, 224, 114
1570412662, 3129, 19, 225, 111
1570412663, 3129, 19, 225, 113
1570412664, 3129, 19, 225, 110
1570412665, 3129, 19, 224, 115
1570412666, 3129, 19, 225, 112
1570412667, 3129, 19, 225, 113
1570412668, 3129, 19, 227, 114
1570412669, 3129, 19, 226, 115
1570412670, 3129, 19, 225, 111
1570412671, 3129, 19, 225, 114
1570412672, 3129, 19, 225, 114
1570412673, 3129, 19, 224, 112
1570412674, 3129, 19, 225, 116
1570412675, 3129, 19, 224, 115
1570412676, 3129, 19, 194, 113
1570412677, 3129, 19, 225, 113
1570412678, 3129, 19, 226, 115
1570412679, 3129, 19, 224, 115
1570412680, 3129, 19, 225, 114
1570412681, 3129, 19, 224, 114
1570412682, 3129, 19, 225, 111
1570412683, 3129, 19, 226, 114
1570412684, 3129, 19, 225, 113
1570412685, 3129, 19, 225, 113
1570412949, 3129, 19, 225, 114
1570412950, 3129, 19, 225, 115
1570412951, 3129, 19, 225, 114
1570412952, 3129, 19, 225, 114
1570412953, 3129, 19, 225, 115
1570412954, 3129, 19, 225, 115
1570412955, 3129, 19, 225, 113
1570412956, 3129, 19, 224, 116
1570412957, 3129, 19, 225, 116
1570412958, 3129, 19, 225, 114
1570412959, 3129, 19, 225, 111
1570412960, 3129, 19, 226, 114
1570412961, 3129, 19, 224, 115
1570412962, 3129, 19, 225, 111
1570412963, 3129, 19, 225, 115
1570412964, 3129, 19, 224, 112
1570412965, 3129, 19, 225, 114
1570412966, 3129, 19, 225, 116
1570412967, 3129, 19, 226, 111
1570412968, 3129, 19, 225, 111
1570412969, 3129, 19, 225, 109
1570412970, 3129, 19, 225, 114
1570412971, 3129, 19, 224, 111
1570412972, 3129, 19, 226, 111
1570412973, 3128, 19, 225, 113
1570412974, 3129, 19, 225, 114
1570412975, 3129, 19, 225, 114
1570412976, 3129, 19, 225, 113
1570412977, 3129, 19, 225, 113
1570412978, 3129, 19, 225, 115
1570412979, 3129, 19, 225, 111
1570412980, 3129, 19, 225, 114
1570412981, 3129, 19, 225, 113
1570412982, 3129, 19, 225, 114
1570412983, 3129, 19, 225, 112
1570412984, 3129, 19, 225, 113
1570412985, 3129, 19, 226, 115
1570412986, 3129, 19, 225, 111
1570412987, 3129, 19, 225, 112
1570412988, 3129, 19, 225, 113
1570412989, 3129, 19, 225, 115
1570412990, 3129, 19, 224, 115
1570412991, 3129, 19, 225, 111
1570412992, 3129, 19, 225, 113
1570412993, 3129, 19, 225, 113
1570412994, 3129, 19, 226, 113
1570412995, 3129, 19, 224, 113
1570412996, 3129, 19, 225, 114
1570412997, 3129, 19, 225, 110
1570412998, 3129, 19, 226, 113
1570412999, 3129, 19, 224, 116
1570413000, 3129, 19, 225, 115
1570413001, 3129, 19, 225, 113
1570413002, 3129, 19, 225, 111
1570413003, 3129, 19, 226, 115
1570413004, 3129, 19, 225, 110
1570413005, 3129, 19, 225, 114
1570413006, 3129, 19, 225, 113
1570413007, 3129, 19, 224, 113
1570413008, 3129, 19, 224, 113
1570413009, 3129, 19, 225, 113
1570413010, 3129, 19, 225, 111
1570413011, 3129, 19, 225, 115
1570413012, 3129, 19, 226, 113
1570413013, 3129, 19, 225, 113
1570413014, 3129, 19, 225, 113
1570413015, 3129, 19, 225, 112
1570413016, 3129, 19, 224, 114
1570413017, 3129, 19, 225, 113
1570413018, 3129, 19, 225, 111
1570413019, 3129, 19, 226, 114
1570413020, 3129, 19, 225, 113
1570413021, 3128, 19, 225, 115
1570413022, 3129, 19, 225, 111
1570413023, 3129, 19, 226, 114
1570413024, 3129, 19, 225, 114
1570413025, 3129, 19, 224, 111
1570413026, 3129, 19, 225, 116
1570413027, 3129, 19, 227, 115
1570413028, 3129, 19, 227, 115
1570413029, 3129, 19, 225, 115
1570413030, 3129, 19, 226, 109
1570413031, 3129, 19, 225, 111
1570413032, 3129, 19, 225, 114
1570413033, 3129, 19, 224, 112
1570413034, 3129, 19, 225, 115
1570413035, 3129, 19, 225, 114
1570413036, 3129, 19, 227, 115
1570413037, 3129, 19, 226, 113
1570413038, 3129, 19, 225, 114
1570413039, 3129, 19, 225, 110
1570413040, 3129, 19, 226, 113
1570413041, 3129, 19, 225, 113
1570413042, 3129, 19, 225, 115
1570413043, 3129, 19, 225, 113
1570413044, 3129, 19, 225, 114
1570413045, 3129, 19, 225, 110
1570413046, 3129, 19, 224, 113
1570413047, 3129, 19, 225, 113
1570413048, 3129, 19, 225, 113
1570413049, 3129, 19, 225, 112
1570413050, 3129, 19, 225, 115
1570413051, 3129, 19, 225, 112
1570413052, 3129, 19, 225, 110
1570413053, 3129, 19, 225, 115
1570413054, 3129, 19, 225, 115
1570413055, 3129, 19, 225, 116
1570413056, 3129, 19, 225, 112
1570413057, 3129, 19, 224, 115
1570413058, 3129, 19, 225, 115
1570413059, 3129, 19, 224, 113
1570413060, 3129, 19, 225, 114
1570413061, 3129, 19, 225, 115
1570413062, 3129, 19, 225, 115
1570413063, 3129, 19, 225, 20
1570413064, 3129, 19, 226, 111
1570413065, 3129, 19, 226, 113
1570413066, 3129, 19, 224, 115
1570413067, 3129, 19, 224, 114
1570413068, 3129, 19, 224, 114
1570413069, 3129, 19, 225, 112
1570413070, 3129, 19, 225, 110
1570413071, 3129, 19, 225, 111
1570413072, 3129, 19, 225, 114
1570413073, 3129, 19, 225, 110
1570413074, 3129, 19, 225, 115
1570413075, 3129, 19, 225, 112
1570413076, 3129, 19, 225, 112
1570413077, 3129, 19, 225, 112
1570413078, 3129, 19, 227, 114
1570413079, 3129, 19, 225, 115
1570413080, 3129, 19, 225, 115
1570413081, 3129, 19, 225, 111
1570413082, 3129, 19, 225, 110
1570413083, 3129, 19, 224, 115
1570413084, 3129, 19, 225, 115
1570413085, 3129, 19, 225, 116
1570413086, 3129, 19, 225, 115
1570413087, 3129, 19, 226, 110
1570413088, 3129, 19, 224, 114
1570413089, 3129, 19, 225, 115
1570413090, 3129, 19, 225, 115
1570413091, 3129, 19, 225, 113
1570413092, 3129, 19, 224, 115
1570413093, 3129, 19, 225, 115
1570413094, 3129, 19, 225, 116
1570413095, 3129, 19, 225, 114
1570413096, 3129, 19, 225, 113
1570413097, 3129, 19, 226, 113
1570413098, 3129, 19, 225, 114
1570413099, 3129, 19, 225, 115
1570413100, 3129, 19, 225, 112
1570413101, 3129, 19, 225, 114
1570413102, 3129, 19, 225, 115
1570413103, 3129, 19, 225, 112
1570413104, 3129, 19, 225, 111
1570413105, 3129, 19, 225, 111
1570413106, 3129, 19, 225, 115
1570413107, 3129, 19, 225, 114
1570413108, 3129, 19, 225, 114
1570413109, 3129, 19, 225, 115
1570413110, 3129, 19, 225, 113
1570413111, 3129, 19, 224, 112
1570413112, 3129, 19, 225, 113
1570413113, 3129, 19, 225, 111
1570413114, 3129, 19, 225, 115
1570413115, 3129, 19, 226, 114
1570413116, 3129, 19, 225, 115
1570413117, 3129, 19, 225, 115
1570413118, 3129, 19, 225, 114
1570413119, 3129, 19, 224, 112
1570413120, 3129, 19, 224, 114
1570413121, 3129, 19, 224, 115
1570413122, 3129, 19, 225, 113
1570413123, 3129, 19, 225, 115
1570413124, 3129, 19, 225, 112
1570413125, 3129, 19, 227, 110
1570413126, 3129, 19, 226, 114
1570413127, 3129, 19, 225, 113
1570413128, 3129, 19, 224, 115
1570413129, 3129, 19, 225, 113
1570413130, 3129, 19, 225, 114
1570413131, 3129, 19, 225, 113
1570413132, 3129, 19, 225, 115
1570413133, 3129, 19, 225, 115
1570413134, 3129, 19, 225, 113
1570413135, 3129, 19, 226, 113
1570413136, 3129, 19, 224, 111
1570413137, 3129, 19, 225, 115
1570413138, 3129, 19, 225, 114
1570413139, 3129, 19, 226, 113
1570413140, 3129, 19, 226, 110
1570413141, 3129, 19, 225, 114
1570413142, 3129, 19, 226, 114
1570413143, 3129, 19, 225, 114
1570413144, 3129, 19, 225, 113
1570413145, 3129, 19, 224, 114
1570413146, 3129, 19, 224, 115
1570413147, 3129, 19, 225, 115
1570413148, 3129, 19, 225, 112
1570413149, 3129, 19, 226, 110
1570413150, 3129, 19, 225, 115
1570413151, 3129, 19, 226, 115
1570413152, 3129, 19, 225, 112
1570413153, 3129, 19, 225, 114
1570413154, 3129, 19, 224, 114
1570413155, 3129, 19, 225, 111
1570413156, 3129, 19, 225, 113
1570413157, 3129, 19, 225, 115
1570413158, 3129, 19, 225, 115
1570413159, 3129, 19, 225, 111
1570413160, 3129, 19, 224, 113
1570413161, 3129, 19, 224, 112
1570413162, 3129, 19, 224, 114
1570413163, 3129, 19, 225, 114
1570413164, 3129, 19, 225, 115
1570413165, 3129, 19, 225, 113
1570413166, 3129, 19, 225, 113
1570413167, 3129, 19, 225, 114
1570413168, 3129, 19, 226, 114
1570413169, 3129, 19, 225, 114
1570413170, 3129, 19, 225, 111
1570413171, 3129, 19, 225, 116
1570413172, 3129, 19, 225, 113
1570413173, 3129, 19, 224, 114
1570413174, 3129, 19, 227, 115
1570413175, 3129, 19, 225, 114
1570413176, 3129, 19, 225, 114
1570413177, 3129, 19, 225, 110
1570413178, 3129, 19, 225, 115
1570413179, 3129, 19, 224, 114
1570413180, 3129, 19, 225, 112
1570413181, 3129, 19, 226, 114
1570413182, 3129, 19, 225, 113
1570413183, 3129, 19, 225, 113
1570413184, 3129, 19, 225, 114
1570413185, 3129, 19, 225, 115
1570413186, 3129, 19, 225, 111
1570413187, 3129, 19, 225, 113
1570413188, 3129, 19, 225, 115
1570413189, 3129, 19, 225, 115
1570413190, 3129, 19, 225, 114
1570413191, 3129, 19, 225, 115
1570413192, 3129, 19, 225, 111
1570413193, 3129, 19, 225, 114
1570413194, 3129, 19, 225, 111
1570413195, 3129, 19, 225, 115
1570413196, 3129, 19, 224, 115
1570413197, 3129, 19, 225, 116
1570413198, 3129, 19, 225, 114
1570413199, 3129, 19, 225, 113
1570413200, 3129, 19, 226, 114
1570413201, 3129, 19, 225, 114
1570413202, 3129, 19, 225, 112
1570413203, 3129, 19, 225, 114
1570413204, 3129, 19, 224, 113
1570413205, 3129, 19, 225, 115
1570413206, 3129, 19, 224, 111
1570413207, 3129, 19, 226, 114
1570413208, 3129, 19, 225, 113
1570413209, 3129, 19, 226, 114
1570413210, 3129, 19, 225, 111
1570413211, 3129, 19, 225, 112
1570413212, 3129, 19, 224, 113
1570413213, 3129, 19, 225, 112
1570413214, 3129, 19, 226, 115
1570413215, 3129, 19, 225, 115
1570413216, 3129, 19, 225, 115
1570413217, 3129, 19, 226, 115
1570413218, 3129, 19, 226, 114
1570413219, 3129, 19, 225, 111
1570413220, 3129, 19, 225, 115
1570413221, 3129, 19, 223, 113
1570413222, 3129, 20, 224, 115
1570413223, 3129, 20, 225, 112
1570413224, 3129, 20, 224, 115
1570413225, 3129, 20, 225, 115
1570413226, 3129, 19, 225, 115
1570413227, 3129, 19, 225, 115
1570413228, 3129, 19, 225, 115
1570413229, 3129, 19, 225, 114
1570413230, 3129, 19, 225, 114
1570413231, 3129, 19, 225, 114
1570413232, 3129, 19, 225, 115
1570413233, 3129, 19, 225, 115
1570413234, 3129, 19, 225, 114
1570413235, 3129, 19, 225, 115
1570413236, 3129, 19, 226, 114
1570413237, 3129, 19, 226, 113
1570413238, 3129, 19, 223, 109
1570413239, 3129, 19, 224, 112
1570413240, 3129, 19, 225, 114
1570413241, 3129, 19, 226, 114
1570413242, 3129, 19, 225, 111
1570413243, 3128, 19, 226, 115
1570413244, 3129, 19, 225, 114
1570413245, 3129, 19, 225, 111
1570413246, 3129, 19, 224, 111
1570413247, 3129, 19, 224, 116
1570413248, 3129, 19, 225, 112
1570413249, 3129, 19, 225, 115
1570413250, 3129, 19, 227, 110
1570413251, 3129, 19, 226, 110
1570413252, 3129, 19, 225, 113
1570413253, 3129, 19, 225, 114
1570413254, 3129, 19, 226, 115
1570413255, 3129, 19, 225, 114
1570413256, 3129, 19, 225, 114
1570413257, 3129, 19, 225, 111
1570413258, 3129, 19, 226, 115
1570413259, 3129, 19, 225, 114
1570413260, 3129, 19, 225, 115
1570413261, 3129, 19, 225, 112
1570413262, 3129, 19, 225, 113
1570413263, 3129, 19, 224, 109
1570413264, 3129, 19, 224, 114
1570413265, 3129, 19, 225, 113
1570413266, 3129, 19, 226, 113
1570413267, 3129, 19, 225, 113
1570413268, 3129, 19, 226, 113
1570413269, 3129, 19, 225, 115
1570413270, 3129, 19, 225, 112
1570413271, 3129, 19, 224, 114
1570413272, 3129, 19, 223, 115
1570413273, 3129, 19, 225, 113
1570413274, 3129, 19, 225, 114
1570413275, 3129, 19, 225, 114
1570413276, 3129, 19, 225, 115
1570413277, 3129, 19, 226, 111
1570413278, 3129, 19, 226, 114
1570413279, 3129, 19, 225, 111
1570413280, 3129, 19, 224, 115
1570413281, 3129, 19, 225, 116
1570413282, 3129, 19, 225, 114
1570413283, 3129, 19, 225, 111
1570413284, 3129, 19, 225, 115
1570413285, 3129, 19, 225, 113
1570413286, 3129, 19, 225, 115
1570413287, 3129, 19, 226, 114
1570413288, 3129, 19, 225, 110
1570413289, 3129, 19, 223, 112
1570413290, 3129, 19, 225, 113
1570413291, 3129, 19, 225, 114
1570413292, 3129, 19, 225, 114
1570413293, 3129, 19, 226, 115
1570413294, 3129, 19, 225, 111
1570413295, 3129, 19, 225, 111
1570413296, 3129, 19, 224, 115
1570413297, 3129, 19, 224, 113
1570413298, 3129, 19, 226, 115
1570413299, 3129, 19, 226, 115
1570413300, 3129, 19, 226, 113
1570413301, 3129, 19, 226, 112
1570413302, 3129, 19, 225, 113
1570413303, 3129, 19, 225, 110
1570413304, 3129, 19, 225, 113
1570413305, 3129, 19, 223, 115
1570413306, 3129, 19, 224, 115
1570413307, 3129, 19, 225, 112
1570413308, 3129, 19, 225, 113
1570413309, 3129, 19, 225, 111
1570413310, 3129, 19, 225, 110
1570413311, 3129, 19, 224, 115
1570413312, 3129, 19, 225, 115
1570413313, 3129, 19, 225, 113
1570413314, 3129, 19, 224, 114
1570413315, 3129, 19, 225, 115
1570413316, 3129, 19, 225, 113
1570413317, 3129, 19, 225, 113
1570413318, 3129, 19, 225, 114
1570413319, 3129, 19, 225, 115
1570413320, 3129, 19, 225, 111
1570413321, 3129, 19, 225, 115
1570413322, 3129, 19, 224, 112
1570413323, 3129, 19, 225, 112
1570413324, 3129, 19, 224, 114
1570413325, 3129, 19, 225, 113
1570413326, 3129, 19, 225, 114
1570413327, 3129, 19, 225, 114
1570413328, 3129, 19, 225, 111
1570413329, 3129, 19, 225, 115
1570413330, 3129, 19, 225, 112
1570413331, 3129, 19, 225, 116
1570413332, 3129, 19, 224, 115
1570413333, 3129, 19, 225, 111
1570413334, 3129, 19, 225, 115
1570413335, 3129, 19, 225, 115
1570413336, 3129, 19, 225, 111
1570413337, 3129, 19, 225, 114
1570413338, 3129, 19, 226, 109
1570413339, 3129, 19, 224, 115
1570413340, 3129, 19, 225, 111
1570413341, 3129, 19, 225, 115
1570413342, 3129, 19, 225, 113
1570413343, 3129, 19, 225, 115
1570413344, 3129, 19, 226, 115
1570413345, 3129, 19, 226, 115
1570413346, 3129, 19, 225, 114
1570413347, 3129, 19, 224, 114
1570413348, 3129, 19, 225, 114
1570413349, 3129, 19, 225, 113
1570413350, 3129, 19, 224, 113
1570413351, 3129, 19, 225, 114
1570413352, 3129, 19, 225, 115
1570413353, 3129, 19, 225, 115
1570413354, 3129, 19, 226, 113
1570413355, 3129, 19, 225, 111
1570413356, 3129, 19, 224, 115
1570413357, 3129, 19, 225, 116
1570413358, 3129, 19, 225, 110
1570413359, 3129, 19, 225, 115
1570413360, 3129, 19, 226, 114
1570413361, 3129, 19, 224, 113
1570413362, 3129, 19, 225, 111
1570413363, 3129, 19, 225, 114
1570413364, 3129, 19, 224, 115
1570413365, 3129, 19, 224, 114
1570413366, 3129, 19, 225, 110
1570413367, 3129, 19, 225, 113
1570413368, 3129, 19, 225, 114
1570413369, 3129, 19, 225, 113
1570413370, 3129, 19, 225, 110
1570413371, 3129, 19, 226, 114
1570413372, 3129, 19, 225, 113
1570413373, 3129, 19, 225, 114
1570413374, 3129, 19, 225, 111
1570413375, 3129, 19, 225, 110
1570413376, 3129, 19, 226, 114
1570413377, 3129, 19, 225, 115
1570413378, 3129, 19, 225, 114
1570413379, 3129, 19, 225, 113
1570413380, 3129, 19, 226, 113
1570413381, 3129, 19, 225, 114
1570413382, 3129, 19, 225, 115
1570413383, 3129, 19, 226, 110
1570413384, 3129, 19, 225, 115
1570413385, 3129, 19, 225, 111
1570413386, 3129, 19, 225, 112
1570413387, 3129, 19, 225, 113
1570413388, 3129, 19, 225, 113
1570413389, 3129, 19, 225, 115
1570413390, 3129, 19, 224, 115
1570413391, 3129, 19, 225, 114
1570413392, 3129, 19, 225, 114
1570413393, 3129, 19, 226, 115
1570413394, 3129, 19, 225, 113
1570413395, 3129, 19, 225, 112
1570413396, 3129, 19, 225, 111
1570413397, 3129, 19, 225, 115
1570413398, 3129, 19, 225, 116
1570413399, 3129, 19, 225, 116
1570413400, 3129, 19, 226, 114
1570413401, 3129, 19, 226, 111
1570413402, 3129, 19, 225, 114
1570413403, 3129, 19, 226, 113
1570413404, 3129, 19, 225, 113
1570413405, 3129, 19, 225, 115
1570413406, 3129, 19, 224, 114
1570413407, 3129, 19, 225, 116
1570413408, 3129, 19, 227, 116
1570413409, 3129, 19, 221, 112
1570413410, 3129, 19, 226, 110
1570413411, 3129, 19, 225, 113
1570413412, 3129, 19, 225, 150
1570413413, 3129, 19, 226, 113
1570413414, 3129, 19, 225, 112
1570413415, 3129, 19, 224, 112
1570413416, 3129, 19, 225, 113
1570413417, 3129, 19, 226, 110
1570413418, 3129, 19, 226, 115
1570413419, 3129, 19, 225, 110
1570413420, 3129, 19, 225, 112
